Date,Campaign ID,Campaign Name,Region,Channel,Campaign Type,Spend,Leads,Qualified Leads,Conversions,CAC,Attribution Score,ROI
2020-01-01,CMP00001,Campaign_1,NA,TikTok,Performance,26001.11,390,120,40,650.03,0.63,1.45
2020-01-01,CMP00002,Campaign_2,NA,In-App,Performance,23440.85,418,170,49,478.38,0.93,2.69
2020-01-01,CMP00003,Campaign_3,APAC,Email,Performance,23712.83,395,167,42,564.59,0.98,2.33
2020-01-01,CMP00004,Campaign_4,EMEA,Influencer,Product Launch,20135.46,380,156,63,319.61,0.53,2.87
2020-01-01,CMP00005,Campaign_5,APAC,In-App,Product Launch,16587.07,410,126,57,291.0,0.94,2.81
2020-01-01,CMP00006,Campaign_6,APAC,YouTube,Product Launch,32441.14,407,225,93,348.83,0.83,2.1
2020-01-01,CMP00007,Campaign_7,NA,In-App,Performance,22003.0,390,195,77,285.75,0.87,1.14
2020-01-01,CMP00008,Campaign_8,EMEA,Influencer,Product Launch,27448.11,393,196,40,686.2,0.95,1.83
2020-01-01,CMP00009,Campaign_9,NA,TikTok,Brand,28808.13,371,169,60,480.14,0.57,2.88
2020-01-01,CMP00010,Campaign_10,APAC,TikTok,Performance,31825.14,416,210,44,723.3,0.55,1.37
2020-01-01,CMP00011,Campaign_11,APAC,YouTube,Product Launch,37567.07,379,192,42,894.45,0.84,2.46
2020-01-01,CMP00012,Campaign_12,LATAM,TikTok,Brand,31256.92,390,167,39,801.46,0.76,2.99
2020-01-01,CMP00013,Campaign_13,APAC,Influencer,Product Launch,19392.53,385,147,64,303.01,0.63,1.97
2020-01-01,CMP00014,Campaign_14,APAC,Email,Product Launch,13806.93,383,145,68,203.04,0.59,2.51
2020-01-01,CMP00015,Campaign_15,NA,TikTok,Product Launch,19410.66,426,165,77,252.09,0.64,1.07
2020-02-01,CMP00016,Campaign_16,EMEA,Email,Brand,29321.2,427,161,55,533.11,0.9,2.74
2020-02-01,CMP00017,Campaign_17,NA,YouTube,Brand,10868.91,391,119,30,362.3,0.69,2.47
2020-02-01,CMP00018,Campaign_18,NA,In-App,Product Launch,33106.76,397,228,66,501.62,0.57,2.8
2020-02-01,CMP00019,Campaign_19,EMEA,YouTube,Product Launch,22060.28,403,121,34,648.83,0.88,2.34
2020-02-01,CMP00020,Campaign_20,LATAM,TikTok,Product Launch,14909.15,411,191,78,191.14,0.73,2.63
2020-02-01,CMP00021,Campaign_21,LATAM,Influencer,Product Launch,19335.64,382,211,73,264.87,0.78,2.48
2020-02-01,CMP00022,Campaign_22,EMEA,In-App,Brand,5310.09,387,222,48,110.63,0.8,1.88
2020-02-01,CMP00023,Campaign_23,NA,In-App,Brand,26188.78,405,215,63,415.69,0.84,2.12
2020-02-01,CMP00024,Campaign_24,APAC,YouTube,Product Launch,29414.52,415,182,42,700.35,0.91,2.18
2020-02-01,CMP00025,Campaign_25,NA,In-App,Performance,15681.32,389,141,44,356.39,0.79,1.03
2020-02-01,CMP00026,Campaign_26,LATAM,TikTok,Brand,20436.19,397,120,29,704.7,0.7,1.39
2020-02-01,CMP00027,Campaign_27,LATAM,In-App,Performance,26015.76,374,163,58,448.55,0.9,1.11
2020-02-01,CMP00028,Campaign_28,APAC,Email,Performance,32033.86,399,181,40,800.85,0.62,1.86
2020-02-01,CMP00029,Campaign_29,APAC,YouTube,Product Launch,22069.49,453,216,58,380.51,0.52,2.67
2020-02-01,CMP00030,Campaign_30,LATAM,In-App,Performance,26453.44,418,177,68,389.02,0.67,2.71
2020-03-01,CMP00031,Campaign_31,APAC,Influencer,Brand,30257.83,364,206,87,347.79,0.73,2.38
2020-03-01,CMP00032,Campaign_32,APAC,Influencer,Performance,29545.34,365,119,42,703.46,0.63,1.3
2020-03-01,CMP00033,Campaign_33,EMEA,YouTube,Performance,31773.63,406,166,35,907.82,0.55,2.85
2020-03-01,CMP00034,Campaign_34,EMEA,Email,Product Launch,16971.85,376,187,70,242.45,0.87,2.6
2020-03-01,CMP00035,Campaign_35,EMEA,YouTube,Performance,26275.55,426,166,67,392.17,0.66,2.16
2020-03-01,CMP00036,Campaign_36,EMEA,TikTok,Brand,36097.56,390,209,58,622.37,1.0,1.37
2020-03-01,CMP00037,Campaign_37,LATAM,Email,Product Launch,695.08,370,219,101,6.88,0.58,2.09
2020-03-01,CMP00038,Campaign_38,LATAM,Email,Product Launch,34292.54,404,219,80,428.66,0.58,2.69
2020-03-01,CMP00039,Campaign_39,APAC,TikTok,Brand,24814.5,391,163,72,344.65,0.66,2.23
2020-03-01,CMP00040,Campaign_40,LATAM,Email,Product Launch,23925.72,422,178,44,543.77,0.73,1.28
2020-03-01,CMP00041,Campaign_41,EMEA,In-App,Brand,29556.32,380,161,41,720.89,0.78,1.8
2020-03-01,CMP00042,Campaign_42,LATAM,Email,Product Launch,26168.55,372,186,75,348.91,0.71,1.55
2020-03-01,CMP00043,Campaign_43,NA,TikTok,Product Launch,25387.38,426,188,83,305.87,0.75,2.96
2020-03-01,CMP00044,Campaign_44,EMEA,YouTube,Brand,31210.49,416,142,46,678.49,0.87,2.58
2020-03-01,CMP00045,Campaign_45,EMEA,YouTube,Product Launch,32046.4,420,232,86,372.63,0.67,1.11
2020-04-01,CMP00046,Campaign_46,APAC,YouTube,Brand,17441.39,403,202,76,229.49,0.84,2.68
2020-04-01,CMP00047,Campaign_47,LATAM,In-App,Product Launch,26777.11,379,174,39,686.59,0.88,1.83
2020-04-01,CMP00048,Campaign_48,APAC,Email,Brand,10168.69,358,115,52,195.55,0.77,2.36
2020-04-01,CMP00049,Campaign_49,NA,Influencer,Brand,19611.17,384,167,33,594.28,0.55,2.85
2020-04-01,CMP00050,Campaign_50,NA,TikTok,Performance,9500.06,424,143,68,139.71,0.58,1.37
2020-04-01,CMP00051,Campaign_51,APAC,YouTube,Product Launch,30560.32,420,247,116,263.45,0.77,2.91
2020-04-01,CMP00052,Campaign_52,APAC,Email,Performance,35859.35,386,162,73,491.22,0.62,1.78
2020-04-01,CMP00053,Campaign_53,APAC,TikTok,Product Launch,36426.91,412,130,39,934.02,0.53,1.42
2020-04-01,CMP00054,Campaign_54,LATAM,Email,Brand,15777.39,429,145,53,297.69,0.56,1.37
2020-04-01,CMP00055,Campaign_55,APAC,Email,Performance,15833.84,386,138,57,277.79,0.64,2.58
2020-04-01,CMP00056,Campaign_56,LATAM,Influencer,Brand,30273.26,373,184,83,364.74,0.76,1.53
2020-04-01,CMP00057,Campaign_57,NA,Email,Brand,20319.89,403,148,72,282.22,0.68,2.56
2020-04-01,CMP00058,Campaign_58,LATAM,YouTube,Performance,15299.73,380,138,55,278.18,1.0,2.31
2020-04-01,CMP00059,Campaign_59,EMEA,TikTok,Brand,28650.42,421,142,36,795.84,0.94,2.19
2020-04-01,CMP00060,Campaign_60,LATAM,Influencer,Product Launch,6182.52,428,245,67,92.28,0.95,2.48
2020-05-01,CMP00061,Campaign_61,APAC,Influencer,Performance,24592.75,402,181,63,390.36,0.68,2.0
2020-05-01,CMP00062,Campaign_62,LATAM,TikTok,Brand,29104.21,392,121,50,582.08,0.69,2.35
2020-05-01,CMP00063,Campaign_63,EMEA,Influencer,Product Launch,17496.08,377,132,54,324.0,0.8,1.31
2020-05-01,CMP00064,Campaign_64,LATAM,YouTube,Brand,14171.1,386,137,44,322.07,0.7,1.62
2020-05-01,CMP00065,Campaign_65,APAC,YouTube,Performance,41795.77,404,204,84,497.57,0.58,2.14
2020-05-01,CMP00066,Campaign_66,APAC,TikTok,Brand,44093.85,406,145,52,847.96,0.82,2.54
2020-05-01,CMP00067,Campaign_67,EMEA,Email,Brand,28135.52,382,124,38,740.41,0.76,2.58
2020-05-01,CMP00068,Campaign_68,EMEA,In-App,Brand,29388.97,412,201,49,599.77,0.97,1.99
2020-05-01,CMP00069,Campaign_69,APAC,TikTok,Performance,29911.3,405,181,52,575.22,0.91,2.03
2020-05-01,CMP00070,Campaign_70,APAC,In-App,Brand,22660.84,421,155,36,629.47,0.72,2.87
2020-05-01,CMP00071,Campaign_71,EMEA,In-App,Performance,18784.4,416,212,97,193.65,0.74,1.95
2020-05-01,CMP00072,Campaign_72,NA,Influencer,Performance,8843.03,424,217,96,92.11,0.94,1.52
2020-05-01,CMP00073,Campaign_73,LATAM,Influencer,Product Launch,32369.63,405,171,37,874.85,0.95,1.62
2020-05-01,CMP00074,Campaign_74,LATAM,YouTube,Product Launch,8990.68,404,137,42,214.06,0.55,1.1
2020-05-01,CMP00075,Campaign_75,EMEA,Influencer,Brand,36332.19,416,232,115,315.93,0.58,1.49
2020-06-01,CMP00076,Campaign_76,APAC,In-App,Product Launch,22743.51,409,152,48,473.82,0.68,2.31
2020-06-01,CMP00077,Campaign_77,APAC,In-App,Performance,24464.22,401,179,37,661.2,0.91,2.77
2020-06-01,CMP00078,Campaign_78,EMEA,In-App,Brand,34482.75,390,229,94,366.84,0.65,2.3
2020-06-01,CMP00079,Campaign_79,APAC,YouTube,Performance,14091.29,436,191,45,313.14,0.88,1.81
2020-06-01,CMP00080,Campaign_80,EMEA,Email,Performance,22975.08,407,143,42,547.03,0.75,2.44
2020-06-01,CMP00081,Campaign_81,NA,In-App,Product Launch,34421.08,366,158,63,546.37,0.59,2.32
2020-06-01,CMP00082,Campaign_82,APAC,Email,Performance,28510.05,406,242,109,261.56,0.97,1.78
2020-06-01,CMP00083,Campaign_83,NA,YouTube,Product Launch,24437.33,375,187,70,349.1,0.97,2.39
2020-06-01,CMP00084,Campaign_84,APAC,Influencer,Performance,26172.54,422,239,94,278.43,0.76,2.15
2020-06-01,CMP00085,Campaign_85,NA,Email,Performance,20398.7,382,215,82,248.76,0.7,1.85
2020-06-01,CMP00086,Campaign_86,EMEA,Influencer,Product Launch,28956.23,406,154,54,536.23,0.77,2.37
2020-06-01,CMP00087,Campaign_87,EMEA,YouTube,Performance,31294.78,422,176,51,613.62,0.71,1.13
2020-06-01,CMP00088,Campaign_88,NA,In-App,Brand,28114.5,399,235,95,295.94,0.81,2.11
2020-06-01,CMP00089,Campaign_89,LATAM,Email,Brand,28473.48,438,194,73,390.05,0.78,2.99
2020-06-01,CMP00090,Campaign_90,NA,In-App,Performance,28816.37,381,214,62,464.78,0.67,2.54
2020-07-01,CMP00091,Campaign_91,NA,TikTok,Brand,33795.0,386,141,49,689.69,0.82,2.99
2020-07-01,CMP00092,Campaign_92,EMEA,In-App,Performance,23092.12,363,150,45,513.16,1.0,2.8
2020-07-01,CMP00093,Campaign_93,EMEA,TikTok,Brand,23920.87,385,133,41,583.44,0.63,2.22
2020-07-01,CMP00094,Campaign_94,EMEA,In-App,Product Launch,31918.43,433,139,28,1139.94,0.65,1.57
2020-07-01,CMP00095,Campaign_95,APAC,YouTube,Brand,36350.28,377,132,26,1398.09,0.85,2.87
2020-07-01,CMP00096,Campaign_96,EMEA,In-App,Product Launch,26260.34,382,116,46,570.88,0.7,1.83
2020-07-01,CMP00097,Campaign_97,EMEA,YouTube,Product Launch,20308.1,411,229,50,406.16,1.0,2.75
2020-07-01,CMP00098,Campaign_98,LATAM,TikTok,Brand,19614.3,391,229,101,194.2,0.66,2.73
2020-07-01,CMP00099,Campaign_99,NA,Influencer,Product Launch,11830.2,395,184,82,144.27,0.63,2.9
2020-07-01,CMP00100,Campaign_100,EMEA,TikTok,Brand,15233.23,390,146,33,461.61,0.63,1.49
2020-07-01,CMP00101,Campaign_101,NA,Email,Performance,28856.03,403,203,92,313.65,0.55,2.57
2020-07-01,CMP00102,Campaign_102,LATAM,TikTok,Performance,10490.48,391,222,110,95.37,0.64,2.31
2020-07-01,CMP00103,Campaign_103,NA,TikTok,Product Launch,41706.18,410,169,44,947.87,0.83,1.58
2020-07-01,CMP00104,Campaign_104,EMEA,Influencer,Performance,35786.76,383,180,52,688.21,0.54,2.12
2020-07-01,CMP00105,Campaign_105,APAC,Email,Brand,26305.51,405,176,35,751.59,0.92,1.73
2020-08-01,CMP00106,Campaign_106,EMEA,In-App,Brand,27568.65,378,184,78,353.44,0.52,2.15
2020-08-01,CMP00107,Campaign_107,NA,Influencer,Brand,25135.31,413,185,85,295.71,0.61,2.95
2020-08-01,CMP00108,Campaign_108,EMEA,TikTok,Brand,24214.84,372,157,39,620.89,0.84,1.55
2020-08-01,CMP00109,Campaign_109,EMEA,Influencer,Product Launch,22823.27,397,135,35,652.09,0.58,1.65
2020-08-01,CMP00110,Campaign_110,LATAM,In-App,Product Launch,29366.13,435,175,53,554.08,0.66,2.86
2020-08-01,CMP00111,Campaign_111,APAC,Email,Brand,32237.85,389,226,99,325.63,0.94,2.89
2020-08-01,CMP00112,Campaign_112,EMEA,Email,Product Launch,43347.61,407,132,26,1667.22,0.74,1.43
2020-08-01,CMP00113,Campaign_113,LATAM,Influencer,Product Launch,33002.33,429,253,52,634.66,0.97,1.87
2020-08-01,CMP00114,Campaign_114,LATAM,YouTube,Performance,11420.96,403,158,68,167.96,0.8,1.05
2020-08-01,CMP00115,Campaign_115,NA,In-App,Performance,20064.78,395,143,47,426.91,0.93,1.28
2020-08-01,CMP00116,Campaign_116,APAC,In-App,Performance,24062.94,433,255,109,220.76,0.9,2.39
2020-08-01,CMP00117,Campaign_117,LATAM,YouTube,Product Launch,15907.07,403,158,64,248.55,0.99,2.52
2020-08-01,CMP00118,Campaign_118,APAC,Influencer,Brand,25067.55,414,165,52,482.07,0.84,1.45
2020-08-01,CMP00119,Campaign_119,APAC,In-App,Brand,23934.9,431,242,108,221.62,0.63,2.09
2020-08-01,CMP00120,Campaign_120,APAC,In-App,Product Launch,29658.57,403,213,42,706.16,0.99,1.91
2020-09-01,CMP00121,Campaign_121,NA,TikTok,Product Launch,18105.74,418,133,33,548.66,0.93,1.46
2020-09-01,CMP00122,Campaign_122,LATAM,Influencer,Brand,39002.2,424,158,75,520.03,0.98,1.87
2020-09-01,CMP00123,Campaign_123,EMEA,In-App,Product Launch,30158.51,397,177,68,443.51,0.97,1.66
2020-09-01,CMP00124,Campaign_124,LATAM,In-App,Product Launch,27889.77,368,136,66,422.57,0.53,1.34
2020-09-01,CMP00125,Campaign_125,LATAM,In-App,Brand,6938.15,397,167,74,93.76,0.67,1.15
2020-09-01,CMP00126,Campaign_126,EMEA,In-App,Performance,22890.97,429,165,76,301.2,0.53,2.61
2020-09-01,CMP00127,Campaign_127,NA,YouTube,Brand,23900.69,436,131,56,426.8,0.76,2.23
2020-09-01,CMP00128,Campaign_128,LATAM,TikTok,Brand,22245.59,433,244,116,191.77,0.55,1.4
2020-09-01,CMP00129,Campaign_129,LATAM,TikTok,Brand,25187.45,400,152,30,839.58,0.74,1.11
2020-09-01,CMP00130,Campaign_130,NA,In-App,Product Launch,30243.45,419,163,47,643.48,0.8,1.1
2020-09-01,CMP00131,Campaign_131,NA,YouTube,Performance,21435.47,389,167,45,476.34,0.87,1.58
2020-09-01,CMP00132,Campaign_132,NA,In-App,Brand,29442.92,410,161,64,460.05,0.95,2.79
2020-09-01,CMP00133,Campaign_133,LATAM,In-App,Performance,15768.09,387,176,67,235.34,0.88,2.59
2020-09-01,CMP00134,Campaign_134,APAC,Email,Product Launch,24972.04,448,241,119,209.85,0.68,1.29
2020-09-01,CMP00135,Campaign_135,NA,TikTok,Performance,20092.64,404,208,72,279.06,0.77,2.52
2020-10-01,CMP00136,Campaign_136,APAC,YouTube,Performance,32883.36,410,228,60,548.06,0.92,1.52
2020-10-01,CMP00137,Campaign_137,EMEA,YouTube,Product Launch,32237.64,381,120,43,749.71,0.58,2.66
2020-10-01,CMP00138,Campaign_138,NA,YouTube,Product Launch,19021.38,435,236,85,223.78,0.68,1.4
2020-10-01,CMP00139,Campaign_139,APAC,TikTok,Brand,2445.3,389,210,81,30.19,0.52,1.48
2020-10-01,CMP00140,Campaign_140,LATAM,Email,Product Launch,26623.26,405,175,52,511.99,0.87,2.76
2020-10-01,CMP00141,Campaign_141,APAC,In-App,Product Launch,27331.97,381,204,62,440.84,0.53,1.04
2020-10-01,CMP00142,Campaign_142,LATAM,Email,Performance,10677.41,428,132,32,333.67,1.0,1.98
2020-10-01,CMP00143,Campaign_143,NA,TikTok,Performance,18593.06,347,204,51,364.57,0.64,1.49
2020-10-01,CMP00144,Campaign_144,LATAM,Email,Performance,29643.95,396,139,67,442.45,0.87,1.42
2020-10-01,CMP00145,Campaign_145,NA,YouTube,Performance,26120.75,393,148,56,466.44,0.71,2.73
2020-10-01,CMP00146,Campaign_146,EMEA,TikTok,Product Launch,21197.57,399,148,44,481.76,0.84,2.45
2020-10-01,CMP00147,Campaign_147,EMEA,YouTube,Brand,18548.22,393,145,36,515.23,0.76,1.86
2020-10-01,CMP00148,Campaign_148,NA,YouTube,Performance,31521.73,397,144,65,484.95,0.8,2.88
2020-10-01,CMP00149,Campaign_149,APAC,YouTube,Performance,24273.22,376,183,91,266.74,0.97,2.34
2020-10-01,CMP00150,Campaign_150,NA,In-App,Brand,19218.59,422,203,80,240.23,0.57,1.65
2020-11-01,CMP00151,Campaign_151,NA,YouTube,Brand,16653.52,387,138,50,333.07,0.64,2.21
2020-11-01,CMP00152,Campaign_152,LATAM,TikTok,Performance,11849.02,335,178,49,241.82,0.5,1.63
2020-11-01,CMP00153,Campaign_153,APAC,Email,Performance,26641.38,410,222,94,283.42,0.7,1.36
2020-11-01,CMP00154,Campaign_154,EMEA,YouTube,Brand,29500.94,421,142,37,797.32,0.84,2.86
2020-11-01,CMP00155,Campaign_155,APAC,Influencer,Performance,22184.43,386,221,105,211.28,0.68,2.69
2020-11-01,CMP00156,Campaign_156,NA,Influencer,Product Launch,37138.6,420,164,71,523.08,0.86,2.92
2020-11-01,CMP00157,Campaign_157,NA,YouTube,Performance,31502.7,381,199,46,684.84,0.94,1.2
2020-11-01,CMP00158,Campaign_158,NA,Email,Product Launch,24030.84,423,239,77,312.09,0.88,2.55
2020-11-01,CMP00159,Campaign_159,EMEA,Influencer,Product Launch,29800.02,426,157,32,931.25,0.65,1.68
2020-11-01,CMP00160,Campaign_160,LATAM,Influencer,Product Launch,28798.53,402,231,61,472.11,0.7,1.94
2020-11-01,CMP00161,Campaign_161,EMEA,YouTube,Performance,36626.67,386,129,58,631.49,0.93,2.65
2020-11-01,CMP00162,Campaign_162,EMEA,In-App,Brand,9596.29,381,200,46,208.62,0.92,2.96
2020-11-01,CMP00163,Campaign_163,LATAM,Email,Performance,25165.11,390,168,73,344.73,0.55,2.1
2020-11-01,CMP00164,Campaign_164,EMEA,Influencer,Product Launch,23568.96,407,192,75,314.25,0.6,2.34
2020-11-01,CMP00165,Campaign_165,NA,Email,Brand,26632.28,419,221,87,306.12,0.72,2.29
2020-12-01,CMP00166,Campaign_166,LATAM,TikTok,Performance,28473.67,407,236,87,327.28,0.68,2.73
2020-12-01,CMP00167,Campaign_167,APAC,YouTube,Brand,27886.75,375,144,59,472.66,0.53,1.8
2020-12-01,CMP00168,Campaign_168,LATAM,YouTube,Performance,40532.98,384,131,64,633.33,0.55,1.7
2020-12-01,CMP00169,Campaign_169,APAC,YouTube,Performance,24007.66,412,125,43,558.32,0.91,2.11
2020-12-01,CMP00170,Campaign_170,NA,Influencer,Product Launch,46810.89,434,252,106,441.61,0.6,2.6
2020-12-01,CMP00171,Campaign_171,LATAM,TikTok,Brand,37068.76,382,171,41,904.12,0.77,2.69
2020-12-01,CMP00172,Campaign_172,EMEA,Influencer,Performance,16724.59,415,157,41,407.92,0.92,2.0
2020-12-01,CMP00173,Campaign_173,EMEA,Influencer,Product Launch,17257.4,411,215,81,213.05,0.81,2.53
2020-12-01,CMP00174,Campaign_174,LATAM,In-App,Performance,31270.43,421,134,52,601.35,0.94,1.56
2020-12-01,CMP00175,Campaign_175,EMEA,In-App,Performance,24725.41,396,142,49,504.6,0.59,1.47
2020-12-01,CMP00176,Campaign_176,EMEA,Influencer,Performance,18698.97,408,139,63,296.81,0.7,1.16
2020-12-01,CMP00177,Campaign_177,APAC,In-App,Product Launch,34952.67,378,141,45,776.73,0.62,2.94
2020-12-01,CMP00178,Campaign_178,EMEA,Email,Performance,28099.35,384,164,68,413.23,0.58,1.76
2020-12-01,CMP00179,Campaign_179,NA,TikTok,Brand,28197.13,422,129,35,805.63,0.88,2.65
2020-12-01,CMP00180,Campaign_180,NA,TikTok,Brand,28977.21,391,169,43,673.89,0.72,2.71
2021-01-01,CMP00181,Campaign_181,NA,YouTube,Brand,23847.75,376,134,42,567.8,0.59,1.34
2021-01-01,CMP00182,Campaign_182,EMEA,TikTok,Product Launch,17304.04,419,150,69,250.78,0.84,2.62
2021-01-01,CMP00183,Campaign_183,LATAM,Email,Brand,13427.12,394,165,72,186.49,0.89,2.39
2021-01-01,CMP00184,Campaign_184,NA,In-App,Brand,34374.89,402,154,51,674.02,0.83,2.31
2021-01-01,CMP00185,Campaign_185,EMEA,Influencer,Brand,33907.81,423,245,119,284.94,0.98,2.68
2021-01-01,CMP00186,Campaign_186,NA,Influencer,Brand,17695.97,375,156,34,520.47,0.86,1.67
2021-01-01,CMP00187,Campaign_187,APAC,Email,Performance,18035.87,360,150,42,429.43,0.62,1.11
2021-01-01,CMP00188,Campaign_188,EMEA,Email,Performance,30728.87,393,183,60,512.15,0.76,2.79
2021-01-01,CMP00189,Campaign_189,LATAM,In-App,Product Launch,22147.82,375,216,49,452.0,0.7,2.38
2021-01-01,CMP00190,Campaign_190,APAC,Email,Product Launch,18909.85,414,209,78,242.43,0.78,1.7
2021-01-01,CMP00191,Campaign_191,EMEA,Email,Performance,30809.03,401,165,41,751.44,0.79,1.12
2021-01-01,CMP00192,Campaign_192,LATAM,Email,Product Launch,25302.26,435,136,33,766.74,0.55,2.32
2021-01-01,CMP00193,Campaign_193,NA,TikTok,Product Launch,34521.63,400,160,50,690.43,0.76,1.83
2021-01-01,CMP00194,Campaign_194,NA,Influencer,Brand,37270.39,395,229,102,365.4,0.86,1.82
2021-01-01,CMP00195,Campaign_195,APAC,YouTube,Product Launch,25991.7,381,212,47,553.01,0.83,2.33
2021-02-01,CMP00196,Campaign_196,EMEA,Email,Performance,20412.16,388,203,77,265.09,0.93,1.95
2021-02-01,CMP00197,Campaign_197,EMEA,In-App,Brand,22573.19,396,183,43,524.96,0.57,1.49
2021-02-01,CMP00198,Campaign_198,APAC,Influencer,Brand,34053.61,389,162,60,567.56,0.89,2.79
2021-02-01,CMP00199,Campaign_199,NA,Influencer,Product Launch,18120.81,420,245,121,149.76,0.58,1.28
2021-02-01,CMP00200,Campaign_200,LATAM,Influencer,Brand,29862.15,382,198,68,439.15,0.58,1.94
2021-02-01,CMP00201,Campaign_201,NA,Email,Performance,22878.68,395,136,43,532.06,0.75,2.07
2021-02-01,CMP00202,Campaign_202,EMEA,TikTok,Performance,23216.45,435,203,78,297.65,0.7,1.84
2021-02-01,CMP00203,Campaign_203,APAC,YouTube,Brand,32930.21,399,155,65,506.62,0.91,1.07
2021-02-01,CMP00204,Campaign_204,NA,Influencer,Brand,16780.28,413,197,44,381.37,0.57,2.83
2021-02-01,CMP00205,Campaign_205,LATAM,Email,Performance,17577.74,401,231,101,174.04,0.71,2.39
2021-02-01,CMP00206,Campaign_206,LATAM,In-App,Brand,12738.25,428,231,98,129.98,0.63,1.45
2021-02-01,CMP00207,Campaign_207,EMEA,YouTube,Brand,25204.58,383,200,52,484.7,0.56,2.68
2021-02-01,CMP00208,Campaign_208,APAC,Email,Performance,8603.94,438,231,52,165.46,0.8,2.89
2021-02-01,CMP00209,Campaign_209,LATAM,Email,Product Launch,43241.14,427,189,68,635.9,0.72,2.94
2021-02-01,CMP00210,Campaign_210,EMEA,TikTok,Performance,33584.28,425,185,43,781.03,0.59,2.22
2021-03-01,CMP00211,Campaign_211,LATAM,TikTok,Brand,24460.39,370,171,48,509.59,0.87,1.06
2021-03-01,CMP00212,Campaign_212,APAC,YouTube,Brand,13201.94,403,206,41,322.0,0.6,1.17
2021-03-01,CMP00213,Campaign_213,APAC,YouTube,Product Launch,29245.05,405,159,57,513.07,0.75,2.33
2021-03-01,CMP00214,Campaign_214,LATAM,TikTok,Product Launch,14923.25,401,190,86,173.53,0.56,1.5
2021-03-01,CMP00215,Campaign_215,LATAM,TikTok,Performance,20801.0,386,190,78,266.68,0.72,2.23
2021-03-01,CMP00216,Campaign_216,EMEA,YouTube,Product Launch,26951.38,402,223,77,350.02,0.89,1.23
2021-03-01,CMP00217,Campaign_217,EMEA,Influencer,Product Launch,13685.92,406,233,61,224.36,0.65,1.04
2021-03-01,CMP00218,Campaign_218,APAC,TikTok,Performance,31324.15,389,133,35,894.98,0.53,1.67
2021-03-01,CMP00219,Campaign_219,NA,Email,Brand,27504.69,410,227,91,302.25,0.78,1.86
2021-03-01,CMP00220,Campaign_220,LATAM,TikTok,Product Launch,14733.15,439,253,102,144.44,0.77,2.28
2021-03-01,CMP00221,Campaign_221,EMEA,TikTok,Product Launch,24569.19,398,154,63,389.99,0.6,2.34
2021-03-01,CMP00222,Campaign_222,APAC,Email,Product Launch,31409.4,408,184,62,506.6,0.65,2.76
2021-03-01,CMP00223,Campaign_223,EMEA,TikTok,Performance,19428.05,381,146,53,366.57,0.7,1.34
2021-03-01,CMP00224,Campaign_224,LATAM,Influencer,Performance,32756.97,407,140,54,606.61,0.86,2.4
2021-03-01,CMP00225,Campaign_225,EMEA,TikTok,Product Launch,25326.86,427,225,95,266.6,0.95,1.67
2021-04-01,CMP00226,Campaign_226,NA,TikTok,Brand,32227.01,363,183,57,565.39,0.66,1.24
2021-04-01,CMP00227,Campaign_227,NA,YouTube,Performance,35709.66,390,222,48,743.95,0.99,1.24
2021-04-01,CMP00228,Campaign_228,LATAM,YouTube,Performance,27225.88,381,119,40,680.65,0.95,1.75
2021-04-01,CMP00229,Campaign_229,NA,YouTube,Performance,13893.35,390,167,81,171.52,0.82,2.84
2021-04-01,CMP00230,Campaign_230,LATAM,Email,Brand,23722.97,407,135,61,388.9,0.86,2.87
2021-04-01,CMP00231,Campaign_231,NA,Influencer,Brand,32993.2,416,241,57,578.83,0.96,2.0
2021-04-01,CMP00232,Campaign_232,APAC,In-App,Product Launch,40718.82,406,188,93,437.84,0.76,1.26
2021-04-01,CMP00233,Campaign_233,EMEA,YouTube,Product Launch,23329.76,392,125,41,569.02,0.8,2.38
2021-04-01,CMP00234,Campaign_234,NA,In-App,Product Launch,28600.98,374,189,82,348.79,0.56,1.92
2021-04-01,CMP00235,Campaign_235,LATAM,TikTok,Brand,20941.15,378,147,72,290.85,0.7,2.12
2021-04-01,CMP00236,Campaign_236,LATAM,In-App,Brand,33097.87,414,225,87,380.44,0.66,1.34
2021-04-01,CMP00237,Campaign_237,NA,YouTube,Product Launch,35960.63,411,202,78,461.03,0.71,1.92
2021-04-01,CMP00238,Campaign_238,LATAM,Email,Brand,18765.01,380,144,69,271.96,0.6,2.16
2021-04-01,CMP00239,Campaign_239,EMEA,In-App,Product Launch,23921.57,367,166,35,683.47,0.78,1.49
2021-04-01,CMP00240,Campaign_240,LATAM,Email,Performance,26057.18,379,181,50,521.14,0.71,2.53
2021-05-01,CMP00241,Campaign_241,APAC,TikTok,Brand,20753.27,428,137,54,384.32,0.51,2.25
2021-05-01,CMP00242,Campaign_242,APAC,In-App,Performance,14972.98,417,227,59,253.78,0.6,1.28
2021-05-01,CMP00243,Campaign_243,LATAM,Influencer,Brand,22443.11,400,208,50,448.86,0.89,2.12
2021-05-01,CMP00244,Campaign_244,APAC,YouTube,Performance,28236.0,380,173,43,656.65,0.59,2.03
2021-05-01,CMP00245,Campaign_245,EMEA,YouTube,Performance,13208.16,397,122,45,293.51,0.54,1.57
2021-05-01,CMP00246,Campaign_246,LATAM,YouTube,Product Launch,18435.23,360,198,70,263.36,0.53,2.49
2021-05-01,CMP00247,Campaign_247,APAC,In-App,Performance,14257.58,408,226,95,150.08,0.69,1.87
2021-05-01,CMP00248,Campaign_248,LATAM,Influencer,Product Launch,24192.24,395,128,41,590.05,0.74,2.28
2021-05-01,CMP00249,Campaign_249,EMEA,YouTube,Brand,30018.17,410,240,66,454.82,0.56,1.24
2021-05-01,CMP00250,Campaign_250,APAC,TikTok,Brand,18964.55,400,183,38,499.07,0.63,1.43
2021-05-01,CMP00251,Campaign_251,EMEA,Influencer,Brand,30298.62,390,134,52,582.67,0.61,2.73
2021-05-01,CMP00252,Campaign_252,EMEA,Email,Product Launch,39533.32,413,140,46,859.42,0.85,1.9
2021-05-01,CMP00253,Campaign_253,NA,TikTok,Performance,21464.98,430,223,74,290.07,0.68,1.81
2021-05-01,CMP00254,Campaign_254,NA,Influencer,Product Launch,30679.64,384,135,55,557.81,0.7,1.29
2021-05-01,CMP00255,Campaign_255,APAC,YouTube,Brand,26192.45,383,143,29,903.19,0.7,2.04
2021-06-01,CMP00256,Campaign_256,LATAM,YouTube,Performance,13071.78,436,141,36,363.11,0.77,2.42
2021-06-01,CMP00257,Campaign_257,NA,TikTok,Performance,21635.94,413,214,76,284.68,0.82,1.39
2021-06-01,CMP00258,Campaign_258,APAC,TikTok,Product Launch,17163.88,410,174,56,306.5,0.93,2.0
2021-06-01,CMP00259,Campaign_259,NA,TikTok,Brand,29424.39,370,172,35,840.7,0.56,1.82
2021-06-01,CMP00260,Campaign_260,LATAM,In-App,Brand,24673.66,386,175,60,411.23,0.87,2.44
2021-06-01,CMP00261,Campaign_261,NA,YouTube,Product Launch,10696.66,422,177,45,237.7,0.88,2.15
2021-06-01,CMP00262,Campaign_262,APAC,Influencer,Product Launch,16421.78,407,185,40,410.54,0.85,2.51
2021-06-01,CMP00263,Campaign_263,NA,YouTube,Product Launch,14539.18,413,161,64,227.17,0.88,1.38
2021-06-01,CMP00264,Campaign_264,EMEA,Email,Performance,37026.3,392,196,77,480.86,0.63,1.9
2021-06-01,CMP00265,Campaign_265,NA,TikTok,Performance,39223.03,396,234,64,612.86,0.63,2.77
2021-06-01,CMP00266,Campaign_266,NA,In-App,Brand,22994.2,428,247,67,343.2,0.51,1.83
2021-06-01,CMP00267,Campaign_267,EMEA,Influencer,Product Launch,32701.39,442,247,67,488.08,0.67,1.76
2021-06-01,CMP00268,Campaign_268,NA,In-App,Product Launch,8996.94,388,177,36,249.92,0.79,1.54
2021-06-01,CMP00269,Campaign_269,NA,YouTube,Product Launch,27272.3,411,151,62,439.88,0.73,1.33
2021-06-01,CMP00270,Campaign_270,NA,In-App,Performance,25551.49,397,223,102,250.5,0.83,2.53
2021-07-01,CMP00271,Campaign_271,EMEA,YouTube,Brand,26165.81,362,169,44,594.68,0.8,2.91
2021-07-01,CMP00272,Campaign_272,NA,Email,Performance,19163.01,411,225,85,225.45,0.83,1.45
2021-07-01,CMP00273,Campaign_273,APAC,In-App,Product Launch,27462.48,399,220,75,366.17,0.89,2.84
2021-07-01,CMP00274,Campaign_274,APAC,In-App,Performance,12671.84,388,134,44,288.0,0.9,2.38
2021-07-01,CMP00275,Campaign_275,APAC,Influencer,Performance,22670.69,363,187,39,581.3,0.91,2.93
2021-07-01,CMP00276,Campaign_276,NA,Influencer,Performance,37837.16,391,186,84,450.44,0.59,2.9
2021-07-01,CMP00277,Campaign_277,APAC,Email,Product Launch,29649.32,419,156,42,705.94,0.51,1.42
2021-07-01,CMP00278,Campaign_278,NA,TikTok,Brand,20849.51,391,164,46,453.25,0.97,1.35
2021-07-01,CMP00279,Campaign_279,LATAM,In-App,Product Launch,18551.81,433,220,71,261.29,0.95,2.58
2021-07-01,CMP00280,Campaign_280,LATAM,Email,Brand,21954.43,422,240,96,228.69,0.81,2.53
2021-07-01,CMP00281,Campaign_281,LATAM,Email,Performance,35392.75,373,164,32,1106.02,0.53,1.01
2021-07-01,CMP00282,Campaign_282,EMEA,In-App,Brand,34176.88,424,200,71,481.36,0.63,2.94
2021-07-01,CMP00283,Campaign_283,EMEA,TikTok,Performance,21525.11,399,235,101,213.12,0.8,2.08
2021-07-01,CMP00284,Campaign_284,EMEA,In-App,Brand,11964.11,386,166,82,145.9,0.91,2.17
2021-07-01,CMP00285,Campaign_285,EMEA,Influencer,Performance,27314.68,383,219,44,620.79,0.91,2.5
2021-08-01,CMP00286,Campaign_286,LATAM,Influencer,Performance,27696.37,402,132,52,532.62,0.66,1.3
2021-08-01,CMP00287,Campaign_287,EMEA,TikTok,Brand,40554.66,420,133,44,921.7,0.88,1.83
2021-08-01,CMP00288,Campaign_288,NA,YouTube,Brand,22400.95,421,208,73,306.86,0.84,1.48
2021-08-01,CMP00289,Campaign_289,EMEA,YouTube,Brand,19875.02,375,171,53,375.0,0.67,2.36
2021-08-01,CMP00290,Campaign_290,APAC,Email,Performance,22881.92,385,129,30,762.73,0.82,2.98
2021-08-01,CMP00291,Campaign_291,NA,YouTube,Performance,31341.1,425,159,66,474.87,0.9,2.06
2021-08-01,CMP00292,Campaign_292,LATAM,Email,Brand,22322.91,411,129,56,398.62,0.84,2.11
2021-08-01,CMP00293,Campaign_293,LATAM,TikTok,Performance,36139.99,429,236,94,384.47,0.51,1.01
2021-08-01,CMP00294,Campaign_294,APAC,In-App,Product Launch,30863.02,423,167,44,701.43,0.92,1.78
2021-08-01,CMP00295,Campaign_295,LATAM,In-App,Product Launch,33619.65,398,131,27,1245.17,0.57,1.06
2021-08-01,CMP00296,Campaign_296,APAC,TikTok,Performance,13095.58,409,158,77,170.07,0.9,1.1
2021-08-01,CMP00297,Campaign_297,EMEA,In-App,Performance,22842.03,349,112,42,543.86,0.55,2.44
2021-08-01,CMP00298,Campaign_298,NA,In-App,Performance,32888.51,403,150,46,714.97,0.69,2.04
2021-08-01,CMP00299,Campaign_299,EMEA,In-App,Product Launch,29516.96,376,192,55,536.67,0.67,2.25
2021-08-01,CMP00300,Campaign_300,EMEA,YouTube,Product Launch,9603.49,437,203,75,128.05,0.9,2.07
2021-09-01,CMP00301,Campaign_301,EMEA,Email,Performance,12936.5,419,161,63,205.34,0.74,2.31
2021-09-01,CMP00302,Campaign_302,EMEA,Email,Performance,15169.9,419,131,62,244.68,0.85,1.76
2021-09-01,CMP00303,Campaign_303,NA,In-App,Performance,18426.45,418,211,91,202.49,0.57,2.03
2021-09-01,CMP00304,Campaign_304,NA,TikTok,Performance,25669.74,419,186,86,298.49,0.7,2.49
2021-09-01,CMP00305,Campaign_305,EMEA,TikTok,Brand,10877.77,408,125,31,350.9,0.68,1.53
2021-09-01,CMP00306,Campaign_306,APAC,Influencer,Brand,27829.93,404,155,73,381.23,0.62,1.73
2021-09-01,CMP00307,Campaign_307,APAC,In-App,Product Launch,10302.69,392,186,47,219.21,0.66,1.34
2021-09-01,CMP00308,Campaign_308,LATAM,Influencer,Performance,26546.34,399,224,110,241.33,0.69,1.7
2021-09-01,CMP00309,Campaign_309,NA,YouTube,Brand,29966.36,409,134,54,554.93,0.66,1.48
2021-09-01,CMP00310,Campaign_310,EMEA,In-App,Product Launch,22756.41,449,214,55,413.75,0.77,1.96
2021-09-01,CMP00311,Campaign_311,LATAM,TikTok,Performance,25518.35,388,124,53,481.48,0.95,1.48
2021-09-01,CMP00312,Campaign_312,LATAM,YouTube,Product Launch,32003.57,360,215,90,355.6,0.8,2.89
2021-09-01,CMP00313,Campaign_313,LATAM,Email,Performance,34551.05,389,139,39,885.92,0.57,1.22
2021-09-01,CMP00314,Campaign_314,APAC,Email,Performance,23354.45,401,204,98,238.31,0.72,1.59
2021-09-01,CMP00315,Campaign_315,LATAM,Email,Performance,28827.81,404,216,76,379.31,0.94,1.47
2021-10-01,CMP00316,Campaign_316,NA,In-App,Performance,5717.5,427,152,37,154.53,0.83,1.96
2021-10-01,CMP00317,Campaign_317,APAC,In-App,Product Launch,28178.75,401,163,48,587.06,0.84,1.14
2021-10-01,CMP00318,Campaign_318,EMEA,Email,Brand,30019.06,392,198,88,341.13,0.59,2.6
2021-10-01,CMP00319,Campaign_319,LATAM,In-App,Performance,20557.11,401,162,79,260.22,0.68,1.1
2021-10-01,CMP00320,Campaign_320,LATAM,In-App,Brand,19546.34,418,170,68,287.45,0.72,1.1
2021-10-01,CMP00321,Campaign_321,APAC,Email,Product Launch,32776.33,430,244,71,461.64,0.96,1.48
2021-10-01,CMP00322,Campaign_322,APAC,TikTok,Performance,19223.79,400,233,61,315.14,0.98,2.83
2021-10-01,CMP00323,Campaign_323,LATAM,TikTok,Product Launch,26149.66,423,229,72,363.19,0.93,2.28
2021-10-01,CMP00324,Campaign_324,NA,In-App,Brand,12911.33,407,212,79,163.43,0.96,2.57
2021-10-01,CMP00325,Campaign_325,NA,Influencer,Product Launch,22736.12,386,231,67,339.35,0.62,2.2
2021-10-01,CMP00326,Campaign_326,LATAM,Influencer,Product Launch,11402.64,374,134,35,325.79,0.65,1.51
2021-10-01,CMP00327,Campaign_327,NA,TikTok,Brand,8015.97,377,162,62,129.29,0.99,1.94
2021-10-01,CMP00328,Campaign_328,EMEA,Influencer,Product Launch,41492.16,435,257,78,531.95,0.91,2.61
2021-10-01,CMP00329,Campaign_329,LATAM,YouTube,Brand,27781.67,412,172,81,342.98,0.85,2.78
2021-10-01,CMP00330,Campaign_330,APAC,YouTube,Product Launch,27076.64,390,215,50,541.53,0.58,1.43
2021-11-01,CMP00331,Campaign_331,NA,YouTube,Performance,24810.96,420,178,68,364.87,0.55,1.88
2021-11-01,CMP00332,Campaign_332,LATAM,Email,Brand,23457.14,440,187,66,355.41,0.52,2.52
2021-11-01,CMP00333,Campaign_333,LATAM,Email,Brand,16885.26,397,157,58,291.13,0.83,1.71
2021-11-01,CMP00334,Campaign_334,EMEA,In-App,Brand,18583.11,417,217,84,221.23,0.65,2.91
2021-11-01,CMP00335,Campaign_335,LATAM,TikTok,Product Launch,42461.54,428,149,53,801.16,0.56,1.27
2021-11-01,CMP00336,Campaign_336,EMEA,TikTok,Brand,24508.67,357,112,54,453.86,0.66,2.21
2021-11-01,CMP00337,Campaign_337,EMEA,Influencer,Brand,23215.9,384,153,72,322.44,0.63,1.83
2021-11-01,CMP00338,Campaign_338,NA,In-App,Product Launch,26387.56,404,215,44,599.72,0.61,1.18
2021-11-01,CMP00339,Campaign_339,NA,Influencer,Brand,15361.34,368,143,36,426.7,0.73,1.19
2021-11-01,CMP00340,Campaign_340,EMEA,YouTube,Product Launch,30730.58,405,199,78,393.98,0.57,1.04
2021-11-01,CMP00341,Campaign_341,LATAM,Email,Performance,24207.03,400,167,67,361.3,0.6,1.61
2021-11-01,CMP00342,Campaign_342,APAC,In-App,Product Launch,18756.55,398,165,48,390.76,0.83,1.43
2021-11-01,CMP00343,Campaign_343,LATAM,In-App,Brand,22389.22,416,172,38,589.19,0.52,1.51
2021-11-01,CMP00344,Campaign_344,EMEA,Influencer,Brand,31830.09,390,127,53,600.57,0.81,1.51
2021-11-01,CMP00345,Campaign_345,NA,TikTok,Performance,27969.31,368,194,48,582.69,0.61,1.21
2021-12-01,CMP00346,Campaign_346,LATAM,In-App,Product Launch,15673.87,374,219,78,200.95,0.88,1.96
2021-12-01,CMP00347,Campaign_347,LATAM,In-App,Brand,22184.35,434,213,101,219.65,0.69,2.97
2021-12-01,CMP00348,Campaign_348,EMEA,In-App,Brand,29378.83,384,132,40,734.47,0.84,2.43
2021-12-01,CMP00349,Campaign_349,APAC,TikTok,Product Launch,21052.59,369,149,58,362.98,0.73,2.01
2021-12-01,CMP00350,Campaign_350,EMEA,Email,Performance,20204.19,444,192,83,243.42,0.9,2.02
2021-12-01,CMP00351,Campaign_351,APAC,In-App,Brand,28048.97,419,225,58,483.6,0.68,2.55
2021-12-01,CMP00352,Campaign_352,LATAM,In-App,Product Launch,38349.56,384,178,66,581.05,0.53,1.58
2021-12-01,CMP00353,Campaign_353,NA,In-App,Performance,26028.79,391,136,54,482.01,0.66,2.6
2021-12-01,CMP00354,Campaign_354,APAC,Influencer,Brand,21774.03,400,174,86,253.19,0.61,2.71
2021-12-01,CMP00355,Campaign_355,NA,Email,Brand,17641.49,412,215,91,193.86,0.5,2.61
2021-12-01,CMP00356,Campaign_356,EMEA,Email,Brand,39803.29,326,160,56,710.77,0.87,1.04
2021-12-01,CMP00357,Campaign_357,APAC,Influencer,Product Launch,30438.6,379,187,39,780.48,0.54,2.72
2021-12-01,CMP00358,Campaign_358,APAC,YouTube,Brand,26509.06,365,120,29,914.11,0.65,1.9
2021-12-01,CMP00359,Campaign_359,APAC,In-App,Brand,24067.73,382,175,84,286.52,0.56,1.33
2021-12-01,CMP00360,Campaign_360,APAC,Email,Product Launch,49283.95,391,129,33,1493.45,0.73,1.37
2022-01-01,CMP00361,Campaign_361,NA,In-App,Brand,36576.54,402,206,46,795.14,0.74,2.4
2022-01-01,CMP00362,Campaign_362,LATAM,In-App,Product Launch,22564.4,398,235,70,322.35,0.98,1.01
2022-01-01,CMP00363,Campaign_363,EMEA,Influencer,Brand,39781.81,402,214,73,544.96,0.68,2.37
2022-01-01,CMP00364,Campaign_364,NA,In-App,Performance,26831.97,418,200,51,526.12,0.69,1.76
2022-01-01,CMP00365,Campaign_365,EMEA,In-App,Performance,33336.97,379,149,56,595.3,0.61,2.09
2022-01-01,CMP00366,Campaign_366,EMEA,In-App,Product Launch,40664.43,394,229,80,508.31,0.78,2.21
2022-01-01,CMP00367,Campaign_367,NA,Influencer,Performance,21340.24,404,210,101,211.29,0.7,1.42
2022-01-01,CMP00368,Campaign_368,EMEA,In-App,Performance,37980.14,406,176,84,452.14,0.88,3.0
2022-01-01,CMP00369,Campaign_369,APAC,YouTube,Product Launch,26989.59,401,179,82,329.14,0.88,1.39
2022-01-01,CMP00370,Campaign_370,EMEA,Influencer,Brand,20352.13,404,153,40,508.8,0.95,1.29
2022-01-01,CMP00371,Campaign_371,LATAM,Email,Performance,29101.63,424,138,48,606.28,0.78,1.04
2022-01-01,CMP00372,Campaign_372,EMEA,Influencer,Performance,33626.03,380,192,73,460.63,0.56,2.31
2022-01-01,CMP00373,Campaign_373,APAC,YouTube,Performance,13087.09,437,138,28,467.4,0.98,1.01
2022-01-01,CMP00374,Campaign_374,NA,Influencer,Product Launch,33667.66,418,141,39,863.27,0.85,2.72
2022-01-01,CMP00375,Campaign_375,EMEA,YouTube,Brand,23275.16,407,143,62,375.41,0.7,1.35
2022-02-01,CMP00376,Campaign_376,LATAM,YouTube,Product Launch,23740.12,402,190,43,552.1,0.68,1.76
2022-02-01,CMP00377,Campaign_377,EMEA,In-App,Product Launch,24198.87,367,143,48,504.14,0.68,1.55
2022-02-01,CMP00378,Campaign_378,APAC,Email,Brand,17580.49,419,232,67,262.4,0.68,2.89
2022-02-01,CMP00379,Campaign_379,EMEA,Email,Brand,31252.65,406,157,66,473.53,0.57,1.04
2022-02-01,CMP00380,Campaign_380,APAC,Email,Product Launch,26945.92,391,183,53,508.41,0.9,2.79
2022-02-01,CMP00381,Campaign_381,APAC,Email,Product Launch,35527.12,401,156,48,740.15,1.0,2.5
2022-02-01,CMP00382,Campaign_382,LATAM,Influencer,Brand,27021.83,395,214,46,587.43,0.59,1.42
2022-02-01,CMP00383,Campaign_383,APAC,Email,Product Launch,32727.67,400,173,67,488.47,0.95,1.46
2022-02-01,CMP00384,Campaign_384,APAC,Email,Product Launch,27110.8,407,229,96,282.4,0.74,2.57
2022-02-01,CMP00385,Campaign_385,LATAM,YouTube,Brand,25480.52,429,200,46,553.92,0.87,1.19
2022-02-01,CMP00386,Campaign_386,NA,Email,Product Launch,23840.33,380,148,56,425.72,0.53,1.76
2022-02-01,CMP00387,Campaign_387,NA,In-App,Performance,15984.65,387,178,44,363.29,0.57,1.97
2022-02-01,CMP00388,Campaign_388,EMEA,Influencer,Product Launch,24180.39,410,221,96,251.88,0.7,2.99
2022-02-01,CMP00389,Campaign_389,NA,Influencer,Product Launch,34385.32,412,161,63,545.8,0.53,1.29
2022-02-01,CMP00390,Campaign_390,EMEA,Influencer,Product Launch,18637.47,409,197,39,477.88,0.65,2.36
2022-03-01,CMP00391,Campaign_391,LATAM,Influencer,Performance,28954.83,358,171,38,761.97,0.85,2.52
2022-03-01,CMP00392,Campaign_392,APAC,Email,Product Launch,26596.4,392,178,40,664.91,0.85,1.57
2022-03-01,CMP00393,Campaign_393,LATAM,Influencer,Brand,24897.83,449,150,41,607.26,0.54,1.99
2022-03-01,CMP00394,Campaign_394,LATAM,Influencer,Product Launch,25544.05,411,192,48,532.17,0.96,2.64
2022-03-01,CMP00395,Campaign_395,EMEA,Influencer,Brand,35330.39,373,157,40,883.26,0.75,2.05
2022-03-01,CMP00396,Campaign_396,NA,Influencer,Brand,33583.16,404,141,60,559.72,0.93,2.58
2022-03-01,CMP00397,Campaign_397,EMEA,Influencer,Product Launch,17715.71,407,140,36,492.1,0.81,1.4
2022-03-01,CMP00398,Campaign_398,EMEA,YouTube,Performance,24021.31,394,146,31,774.88,0.9,2.97
2022-03-01,CMP00399,Campaign_399,LATAM,YouTube,Brand,32586.82,380,179,83,392.61,0.75,1.84
2022-03-01,CMP00400,Campaign_400,NA,Email,Brand,30096.28,420,226,88,342.0,0.88,2.49
2022-03-01,CMP00401,Campaign_401,APAC,In-App,Performance,35127.07,432,148,52,675.52,0.94,2.12
2022-03-01,CMP00402,Campaign_402,APAC,TikTok,Product Launch,11329.29,437,235,98,115.61,0.57,2.46
2022-03-01,CMP00403,Campaign_403,EMEA,YouTube,Brand,21676.03,393,157,38,570.42,0.88,2.86
2022-03-01,CMP00404,Campaign_404,NA,Email,Performance,32526.87,409,207,99,328.55,0.58,1.21
2022-03-01,CMP00405,Campaign_405,EMEA,Email,Product Launch,25707.06,396,161,51,504.06,0.65,2.61
2022-04-01,CMP00406,Campaign_406,EMEA,In-App,Performance,23596.05,432,245,109,216.48,0.94,1.39
2022-04-01,CMP00407,Campaign_407,APAC,Email,Brand,20161.46,402,134,44,458.21,0.9,2.56
2022-04-01,CMP00408,Campaign_408,EMEA,Email,Performance,26598.46,421,250,54,492.56,0.5,1.61
2022-04-01,CMP00409,Campaign_409,NA,In-App,Brand,28421.27,406,219,51,557.28,0.99,1.38
2022-04-01,CMP00410,Campaign_410,LATAM,TikTok,Performance,9114.41,387,177,70,130.21,0.98,1.15
2022-04-01,CMP00411,Campaign_411,APAC,TikTok,Performance,31668.64,391,166,45,703.75,0.91,2.83
2022-04-01,CMP00412,Campaign_412,NA,Email,Performance,38700.58,427,146,68,569.13,0.99,2.59
2022-04-01,CMP00413,Campaign_413,EMEA,TikTok,Product Launch,31538.64,378,132,59,534.55,0.61,1.85
2022-04-01,CMP00414,Campaign_414,EMEA,YouTube,Product Launch,34187.92,383,142,34,1005.53,0.89,1.18
2022-04-01,CMP00415,Campaign_415,LATAM,Email,Product Launch,26783.11,414,130,30,892.77,0.92,2.74
2022-04-01,CMP00416,Campaign_416,NA,TikTok,Product Launch,36513.8,373,179,79,462.2,0.89,1.65
2022-04-01,CMP00417,Campaign_417,NA,Email,Performance,26393.14,372,183,71,371.73,0.94,2.8
2022-04-01,CMP00418,Campaign_418,LATAM,TikTok,Performance,24995.62,412,220,76,328.89,0.78,2.06
2022-04-01,CMP00419,Campaign_419,APAC,TikTok,Brand,29891.0,395,126,40,747.27,0.59,2.52
2022-04-01,CMP00420,Campaign_420,NA,Influencer,Performance,29453.33,392,176,57,516.73,0.77,2.88
2022-05-01,CMP00421,Campaign_421,LATAM,Email,Product Launch,20540.62,378,120,57,360.36,0.52,1.68
2022-05-01,CMP00422,Campaign_422,NA,TikTok,Brand,25662.85,399,211,89,288.35,0.57,1.62
2022-05-01,CMP00423,Campaign_423,APAC,Email,Product Launch,30161.48,395,121,52,580.03,0.64,1.73
2022-05-01,CMP00424,Campaign_424,EMEA,YouTube,Performance,26785.07,419,166,78,343.4,0.79,2.84
2022-05-01,CMP00425,Campaign_425,EMEA,Email,Product Launch,25220.8,418,228,86,293.27,0.79,1.15
2022-05-01,CMP00426,Campaign_426,EMEA,Email,Product Launch,29369.04,386,123,27,1087.74,0.55,1.51
2022-05-01,CMP00427,Campaign_427,EMEA,YouTube,Product Launch,21671.22,419,216,49,442.27,0.94,2.36
2022-05-01,CMP00428,Campaign_428,NA,In-App,Performance,8122.43,384,123,49,165.76,0.67,1.96
2022-05-01,CMP00429,Campaign_429,LATAM,YouTube,Performance,23919.62,372,195,95,251.79,0.77,2.49
2022-05-01,CMP00430,Campaign_430,NA,Email,Product Launch,3334.61,411,215,105,31.76,0.65,2.91
2022-05-01,CMP00431,Campaign_431,LATAM,YouTube,Product Launch,18597.12,378,140,30,619.9,0.72,1.13
2022-05-01,CMP00432,Campaign_432,APAC,Email,Performance,35341.19,384,174,38,930.03,0.68,1.45
2022-05-01,CMP00433,Campaign_433,NA,YouTube,Performance,30801.64,427,148,65,473.87,0.64,2.83
2022-05-01,CMP00434,Campaign_434,NA,In-App,Product Launch,17437.02,380,164,54,322.91,0.92,2.17
2022-05-01,CMP00435,Campaign_435,APAC,In-App,Product Launch,5304.38,433,233,110,48.22,0.53,2.86
2022-06-01,CMP00436,Campaign_436,LATAM,TikTok,Product Launch,9450.75,371,145,46,205.45,0.94,1.15
2022-06-01,CMP00437,Campaign_437,NA,In-App,Product Launch,26653.22,392,119,56,475.95,0.88,1.03
2022-06-01,CMP00438,Campaign_438,APAC,Influencer,Performance,30643.5,431,206,66,464.3,0.91,2.13
2022-06-01,CMP00439,Campaign_439,EMEA,In-App,Product Launch,40191.85,413,174,82,490.14,0.83,2.24
2022-06-01,CMP00440,Campaign_440,LATAM,In-App,Performance,29081.11,441,210,61,476.74,0.54,1.83
2022-06-01,CMP00441,Campaign_441,APAC,TikTok,Product Launch,26742.03,371,120,41,652.24,0.9,1.95
2022-06-01,CMP00442,Campaign_442,LATAM,Email,Product Launch,23817.19,398,139,39,610.7,0.7,1.72
2022-06-01,CMP00443,Campaign_443,EMEA,In-App,Product Launch,24618.53,427,202,65,378.75,0.84,1.77
2022-06-01,CMP00444,Campaign_444,LATAM,Email,Product Launch,19690.53,386,133,46,428.05,0.85,2.48
2022-06-01,CMP00445,Campaign_445,APAC,TikTok,Performance,26193.04,394,206,66,396.86,0.56,2.97
2022-06-01,CMP00446,Campaign_446,LATAM,TikTok,Brand,29215.14,410,181,44,663.98,0.97,2.58
2022-06-01,CMP00447,Campaign_447,APAC,YouTube,Product Launch,21346.29,360,153,43,496.43,0.73,2.6
2022-06-01,CMP00448,Campaign_448,NA,In-App,Performance,15557.25,416,185,68,228.78,0.79,1.87
2022-06-01,CMP00449,Campaign_449,APAC,YouTube,Product Launch,23635.38,375,176,51,463.44,0.99,1.14
2022-06-01,CMP00450,Campaign_450,LATAM,Influencer,Performance,29463.2,418,176,71,414.97,0.61,2.7
2022-07-01,CMP00451,Campaign_451,NA,TikTok,Performance,25118.14,406,203,46,546.05,0.94,2.76
2022-07-01,CMP00452,Campaign_452,APAC,YouTube,Brand,26137.13,404,236,64,408.39,0.93,2.46
2022-07-01,CMP00453,Campaign_453,APAC,YouTube,Performance,32554.83,386,210,77,422.79,0.65,1.19
2022-07-01,CMP00454,Campaign_454,EMEA,Email,Brand,21621.56,397,140,43,502.83,0.57,1.36
2022-07-01,CMP00455,Campaign_455,APAC,TikTok,Brand,30771.11,384,159,64,480.8,0.77,1.38
2022-07-01,CMP00456,Campaign_456,LATAM,Email,Product Launch,26982.41,405,139,63,428.29,0.73,2.64
2022-07-01,CMP00457,Campaign_457,NA,TikTok,Brand,31316.67,418,167,50,626.33,0.63,2.44
2022-07-01,CMP00458,Campaign_458,LATAM,Email,Brand,22181.89,388,186,83,267.25,0.9,2.69
2022-07-01,CMP00459,Campaign_459,NA,Email,Performance,20803.04,417,154,75,277.37,0.86,1.14
2022-07-01,CMP00460,Campaign_460,NA,Influencer,Product Launch,17151.34,378,137,58,295.71,0.77,2.98
2022-07-01,CMP00461,Campaign_461,EMEA,YouTube,Brand,25681.34,431,150,35,733.75,0.97,1.7
2022-07-01,CMP00462,Campaign_462,LATAM,TikTok,Product Launch,26414.05,415,201,57,463.4,0.89,1.17
2022-07-01,CMP00463,Campaign_463,EMEA,Email,Performance,27345.0,369,169,46,594.46,0.64,1.44
2022-07-01,CMP00464,Campaign_464,EMEA,Email,Performance,23571.3,441,189,54,436.51,0.64,2.03
2022-07-01,CMP00465,Campaign_465,LATAM,In-App,Brand,29452.17,409,171,63,467.49,0.84,1.15
2022-08-01,CMP00466,Campaign_466,EMEA,Email,Performance,15028.73,429,212,70,214.7,0.59,1.19
2022-08-01,CMP00467,Campaign_467,EMEA,Email,Brand,21025.73,392,201,65,323.47,0.91,1.79
2022-08-01,CMP00468,Campaign_468,NA,Influencer,Product Launch,27588.68,401,162,48,574.76,0.81,1.39
2022-08-01,CMP00469,Campaign_469,EMEA,TikTok,Performance,27138.84,424,128,30,904.63,0.54,1.97
2022-08-01,CMP00470,Campaign_470,NA,YouTube,Performance,22244.8,446,187,86,258.66,0.78,2.85
2022-08-01,CMP00471,Campaign_471,LATAM,YouTube,Performance,25338.15,414,133,36,703.84,0.72,1.22
2022-08-01,CMP00472,Campaign_472,NA,Influencer,Brand,20794.09,372,175,37,562.0,0.93,2.41
2022-08-01,CMP00473,Campaign_473,APAC,TikTok,Performance,41475.49,423,242,97,427.58,0.87,1.17
2022-08-01,CMP00474,Campaign_474,APAC,YouTube,Product Launch,12895.11,401,138,67,192.46,0.71,1.3
2022-08-01,CMP00475,Campaign_475,APAC,TikTok,Performance,18941.13,409,142,66,286.99,0.78,1.78
2022-08-01,CMP00476,Campaign_476,EMEA,Email,Product Launch,30816.28,418,224,51,604.24,0.76,1.02
2022-08-01,CMP00477,Campaign_477,EMEA,In-App,Product Launch,17751.98,384,185,90,197.24,0.72,1.23
2022-08-01,CMP00478,Campaign_478,LATAM,YouTube,Product Launch,18491.57,447,246,77,240.15,0.72,1.57
2022-08-01,CMP00479,Campaign_479,EMEA,Influencer,Brand,12504.8,425,207,43,290.81,0.78,1.67
2022-08-01,CMP00480,Campaign_480,NA,Email,Performance,30357.27,392,166,77,394.25,0.98,2.88
2022-09-01,CMP00481,Campaign_481,LATAM,TikTok,Performance,9329.14,400,142,34,274.39,1.0,2.45
2022-09-01,CMP00482,Campaign_482,NA,Influencer,Brand,31783.74,425,225,47,676.25,0.9,1.9
2022-09-01,CMP00483,Campaign_483,NA,In-App,Brand,29090.69,425,140,55,528.92,0.89,1.59
2022-09-01,CMP00484,Campaign_484,LATAM,Influencer,Performance,17577.84,384,130,46,382.13,0.51,1.54
2022-09-01,CMP00485,Campaign_485,APAC,Influencer,Product Launch,29226.22,386,137,63,463.91,0.51,1.54
2022-09-01,CMP00486,Campaign_486,LATAM,YouTube,Performance,12304.0,404,133,35,351.54,0.81,1.94
2022-09-01,CMP00487,Campaign_487,NA,YouTube,Brand,24520.98,374,212,103,238.07,0.94,2.23
2022-09-01,CMP00488,Campaign_488,LATAM,Influencer,Product Launch,32417.13,415,210,83,390.57,0.73,1.59
2022-09-01,CMP00489,Campaign_489,LATAM,Email,Product Launch,8971.55,374,167,41,218.82,0.71,1.33
2022-09-01,CMP00490,Campaign_490,APAC,In-App,Product Launch,24309.46,401,239,76,319.86,0.9,2.74
2022-09-01,CMP00491,Campaign_491,APAC,YouTube,Brand,36002.55,395,173,53,679.29,0.67,2.8
2022-09-01,CMP00492,Campaign_492,EMEA,Email,Brand,27331.03,390,223,44,621.16,0.88,2.22
2022-09-01,CMP00493,Campaign_493,EMEA,TikTok,Performance,29114.11,411,212,97,300.15,0.54,2.85
2022-09-01,CMP00494,Campaign_494,LATAM,In-App,Product Launch,15663.76,368,200,99,158.22,0.53,1.31
2022-09-01,CMP00495,Campaign_495,LATAM,YouTube,Product Launch,25644.91,416,163,54,474.91,0.65,2.58
2022-10-01,CMP00496,Campaign_496,EMEA,YouTube,Brand,23378.87,378,201,94,248.71,0.9,1.03
2022-10-01,CMP00497,Campaign_497,NA,YouTube,Brand,30237.9,397,220,102,296.45,0.84,1.54
2022-10-01,CMP00498,Campaign_498,EMEA,Email,Product Launch,15349.67,410,166,50,306.99,0.67,1.33
2022-10-01,CMP00499,Campaign_499,EMEA,TikTok,Brand,15289.36,398,180,51,299.79,0.91,2.38
2022-10-01,CMP00500,Campaign_500,NA,YouTube,Performance,26856.73,436,183,86,312.29,0.84,2.46
2022-10-01,CMP00501,Campaign_501,APAC,Influencer,Performance,22972.69,397,129,29,792.16,0.86,1.01
2022-10-01,CMP00502,Campaign_502,APAC,YouTube,Product Launch,35540.36,415,213,66,538.49,0.57,2.75
2022-10-01,CMP00503,Campaign_503,LATAM,Email,Product Launch,29562.69,408,140,65,454.81,0.8,2.28
2022-10-01,CMP00504,Campaign_504,LATAM,Influencer,Product Launch,30142.87,379,155,42,717.69,0.81,1.48
2022-10-01,CMP00505,Campaign_505,APAC,Email,Product Launch,22266.49,387,179,75,296.89,0.62,2.95
2022-10-01,CMP00506,Campaign_506,LATAM,In-App,Product Launch,42164.95,418,211,56,752.95,0.68,2.43
2022-10-01,CMP00507,Campaign_507,NA,Influencer,Performance,33641.11,381,125,46,731.33,0.94,2.31
2022-10-01,CMP00508,Campaign_508,APAC,YouTube,Product Launch,29366.34,408,178,37,793.68,0.94,2.23
2022-10-01,CMP00509,Campaign_509,APAC,Influencer,Product Launch,22086.8,398,157,32,690.21,0.61,1.06
2022-10-01,CMP00510,Campaign_510,APAC,In-App,Brand,27922.51,377,117,56,498.62,0.79,1.25
2022-11-01,CMP00511,Campaign_511,LATAM,TikTok,Brand,26324.59,373,133,35,752.13,0.68,1.8
2022-11-01,CMP00512,Campaign_512,APAC,TikTok,Performance,25023.16,412,129,43,581.93,0.53,2.29
2022-11-01,CMP00513,Campaign_513,NA,In-App,Performance,16248.87,395,171,70,232.13,0.65,2.32
2022-11-01,CMP00514,Campaign_514,EMEA,TikTok,Performance,27157.48,382,177,59,460.3,0.97,1.77
2022-11-01,CMP00515,Campaign_515,LATAM,TikTok,Performance,41347.49,422,230,93,444.6,0.9,2.69
2022-11-01,CMP00516,Campaign_516,APAC,In-App,Performance,19663.13,413,244,63,312.11,0.63,2.25
2022-11-01,CMP00517,Campaign_517,APAC,In-App,Product Launch,40462.82,385,174,71,569.9,0.86,1.47
2022-11-01,CMP00518,Campaign_518,NA,In-App,Performance,31581.03,393,206,76,415.54,0.87,2.76
2022-11-01,CMP00519,Campaign_519,LATAM,TikTok,Performance,23326.25,412,178,55,424.11,0.99,1.55
2022-11-01,CMP00520,Campaign_520,APAC,YouTube,Brand,30804.54,388,129,32,962.64,0.77,2.86
2022-11-01,CMP00521,Campaign_521,APAC,In-App,Product Launch,20178.6,398,136,61,330.8,0.81,1.57
2022-11-01,CMP00522,Campaign_522,APAC,In-App,Performance,15528.22,378,152,63,246.48,0.67,1.22
2022-11-01,CMP00523,Campaign_523,NA,Influencer,Product Launch,33523.33,370,155,65,515.74,0.67,1.54
2022-11-01,CMP00524,Campaign_524,LATAM,In-App,Performance,23805.51,374,139,47,506.5,0.76,2.58
2022-11-01,CMP00525,Campaign_525,NA,Email,Product Launch,18321.41,397,235,55,333.12,0.78,1.92
2022-12-01,CMP00526,Campaign_526,EMEA,Email,Performance,14843.55,365,211,46,322.69,0.64,2.47
2022-12-01,CMP00527,Campaign_527,EMEA,Email,Product Launch,23097.66,414,187,65,355.35,0.67,1.11
2022-12-01,CMP00528,Campaign_528,APAC,In-App,Product Launch,25749.87,427,140,34,757.35,0.82,1.26
2022-12-01,CMP00529,Campaign_529,APAC,TikTok,Performance,25801.08,410,193,95,271.59,0.95,1.17
2022-12-01,CMP00530,Campaign_530,NA,In-App,Product Launch,17626.37,416,128,26,677.94,0.74,2.29
2022-12-01,CMP00531,Campaign_531,NA,YouTube,Brand,33496.99,426,251,113,296.43,0.96,2.34
2022-12-01,CMP00532,Campaign_532,APAC,In-App,Product Launch,3218.65,413,184,81,39.74,0.66,2.23
2022-12-01,CMP00533,Campaign_533,NA,TikTok,Brand,21114.72,417,160,53,398.39,0.57,1.41
2022-12-01,CMP00534,Campaign_534,EMEA,TikTok,Performance,31299.12,379,160,52,601.91,0.7,2.75
2022-12-01,CMP00535,Campaign_535,APAC,Email,Brand,20140.82,436,155,58,347.26,0.91,1.16
2022-12-01,CMP00536,Campaign_536,NA,YouTube,Product Launch,22392.43,419,196,78,287.08,0.7,2.87
2022-12-01,CMP00537,Campaign_537,EMEA,Email,Product Launch,11751.32,400,198,40,293.78,0.6,1.78
2022-12-01,CMP00538,Campaign_538,NA,YouTube,Product Launch,17546.17,390,135,54,324.93,0.72,2.7
2022-12-01,CMP00539,Campaign_539,APAC,YouTube,Brand,34015.5,403,142,38,895.14,0.54,2.41
2022-12-01,CMP00540,Campaign_540,APAC,Email,Product Launch,16126.89,416,172,36,447.97,0.95,2.82
2023-01-01,CMP00541,Campaign_541,NA,Influencer,Brand,31862.08,405,241,66,482.76,0.66,1.63
2023-01-01,CMP00542,Campaign_542,EMEA,In-App,Product Launch,28223.5,406,154,59,478.36,0.63,1.59
2023-01-01,CMP00543,Campaign_543,NA,Influencer,Brand,17433.94,409,141,52,335.27,0.92,1.15
2023-01-01,CMP00544,Campaign_544,NA,In-App,Brand,14369.07,355,114,28,513.18,0.58,1.35
2023-01-01,CMP00545,Campaign_545,EMEA,In-App,Product Launch,18618.85,383,183,79,235.68,0.76,1.75
2023-01-01,CMP00546,Campaign_546,EMEA,Influencer,Product Launch,23917.48,400,194,43,556.22,0.51,1.48
2023-01-01,CMP00547,Campaign_547,EMEA,Email,Product Launch,23340.37,429,129,39,598.47,0.8,2.83
2023-01-01,CMP00548,Campaign_548,APAC,In-App,Product Launch,17340.62,396,234,93,186.46,0.99,2.87
2023-01-01,CMP00549,Campaign_549,APAC,In-App,Product Launch,22542.96,381,125,53,425.34,0.99,2.3
2023-01-01,CMP00550,Campaign_550,APAC,TikTok,Performance,27845.25,447,224,109,255.46,0.94,2.12
2023-01-01,CMP00551,Campaign_551,APAC,Influencer,Brand,25116.87,419,228,47,534.4,0.76,1.5
2023-01-01,CMP00552,Campaign_552,LATAM,TikTok,Performance,22578.59,443,167,35,645.1,0.9,1.28
2023-01-01,CMP00553,Campaign_553,LATAM,TikTok,Product Launch,23316.81,416,171,64,364.33,0.79,2.39
2023-01-01,CMP00554,Campaign_554,LATAM,In-App,Product Launch,36125.88,385,179,82,440.56,0.56,2.41
2023-01-01,CMP00555,Campaign_555,LATAM,Email,Product Launch,34174.18,376,177,76,449.66,0.5,1.68
2023-02-01,CMP00556,Campaign_556,EMEA,In-App,Performance,33242.63,412,125,48,692.55,0.59,1.01
2023-02-01,CMP00557,Campaign_557,EMEA,Email,Performance,43684.69,416,161,70,624.07,0.96,2.28
2023-02-01,CMP00558,Campaign_558,EMEA,TikTok,Brand,20359.15,365,121,44,462.71,0.57,1.18
2023-02-01,CMP00559,Campaign_559,EMEA,TikTok,Performance,29904.22,421,131,55,543.71,0.93,1.77
2023-02-01,CMP00560,Campaign_560,NA,TikTok,Performance,32303.82,440,140,69,468.17,0.87,1.51
2023-02-01,CMP00561,Campaign_561,APAC,In-App,Product Launch,33429.73,349,192,79,423.16,0.81,1.2
2023-02-01,CMP00562,Campaign_562,APAC,Email,Performance,32049.9,396,130,35,915.71,0.73,3.0
2023-02-01,CMP00563,Campaign_563,EMEA,In-App,Performance,9837.95,409,161,64,153.72,0.59,2.99
2023-02-01,CMP00564,Campaign_564,LATAM,In-App,Performance,21458.21,401,208,89,241.1,0.68,1.98
2023-02-01,CMP00565,Campaign_565,APAC,TikTok,Performance,32016.45,421,126,29,1104.02,0.95,1.29
2023-02-01,CMP00566,Campaign_566,EMEA,Influencer,Brand,32993.95,424,204,71,464.7,0.7,2.29
2023-02-01,CMP00567,Campaign_567,EMEA,Influencer,Product Launch,8432.59,373,207,102,82.67,0.89,2.44
2023-02-01,CMP00568,Campaign_568,EMEA,YouTube,Performance,11339.64,396,176,85,133.41,0.9,2.11
2023-02-01,CMP00569,Campaign_569,EMEA,TikTok,Product Launch,29889.75,374,165,68,439.56,0.75,2.51
2023-02-01,CMP00570,Campaign_570,NA,Email,Brand,17545.98,453,263,126,139.25,0.83,2.65
2023-03-01,CMP00571,Campaign_571,EMEA,Email,Brand,24338.26,413,214,83,293.23,0.88,2.74
2023-03-01,CMP00572,Campaign_572,LATAM,YouTube,Brand,26706.92,419,145,29,920.93,0.69,2.36
2023-03-01,CMP00573,Campaign_573,NA,YouTube,Product Launch,45531.51,396,195,64,711.43,0.73,1.97
2023-03-01,CMP00574,Campaign_574,NA,In-App,Performance,22565.4,374,157,53,425.76,0.6,2.55
2023-03-01,CMP00575,Campaign_575,LATAM,Email,Performance,18785.14,409,168,62,302.99,0.65,2.02
2023-03-01,CMP00576,Campaign_576,EMEA,Email,Performance,24332.48,377,167,69,352.64,0.52,2.57
2023-03-01,CMP00577,Campaign_577,LATAM,YouTube,Product Launch,32415.8,411,202,64,506.5,0.62,1.84
2023-03-01,CMP00578,Campaign_578,EMEA,Email,Product Launch,17141.51,433,259,70,244.88,0.73,2.28
2023-03-01,CMP00579,Campaign_579,APAC,Influencer,Brand,35131.02,410,137,63,557.64,0.69,1.62
2023-03-01,CMP00580,Campaign_580,LATAM,Email,Performance,29198.68,410,234,114,256.13,1.0,1.56
2023-03-01,CMP00581,Campaign_581,APAC,In-App,Brand,15777.71,419,220,82,192.41,0.89,2.69
2023-03-01,CMP00582,Campaign_582,APAC,In-App,Product Launch,14665.91,404,134,60,244.43,0.63,2.82
2023-03-01,CMP00583,Campaign_583,EMEA,In-App,Product Launch,30959.18,413,222,78,396.91,0.63,1.95
2023-03-01,CMP00584,Campaign_584,LATAM,Influencer,Product Launch,30323.94,424,243,99,306.3,0.97,1.1
2023-03-01,CMP00585,Campaign_585,NA,Email,Performance,23154.02,405,214,55,420.98,0.67,2.19
2023-04-01,CMP00586,Campaign_586,APAC,TikTok,Product Launch,34589.26,386,161,75,461.19,0.71,1.32
2023-04-01,CMP00587,Campaign_587,LATAM,In-App,Product Launch,37158.85,418,170,34,1092.91,0.88,2.68
2023-04-01,CMP00588,Campaign_588,NA,Influencer,Brand,19073.68,423,131,59,323.28,0.53,1.87
2023-04-01,CMP00589,Campaign_589,LATAM,Influencer,Performance,33661.77,385,132,27,1246.73,0.85,1.77
2023-04-01,CMP00590,Campaign_590,EMEA,YouTube,Performance,23617.01,403,190,41,576.02,0.91,1.87
2023-04-01,CMP00591,Campaign_591,APAC,Email,Brand,32556.66,374,210,85,383.02,0.78,2.42
2023-04-01,CMP00592,Campaign_592,LATAM,Influencer,Brand,27848.5,399,133,61,456.53,0.58,2.28
2023-04-01,CMP00593,Campaign_593,LATAM,YouTube,Brand,23560.66,389,179,58,406.22,0.63,1.54
2023-04-01,CMP00594,Campaign_594,NA,YouTube,Brand,32039.68,396,143,70,457.71,0.66,1.83
2023-04-01,CMP00595,Campaign_595,APAC,YouTube,Performance,22503.4,410,195,65,346.21,0.99,1.03
2023-04-01,CMP00596,Campaign_596,LATAM,Influencer,Performance,29481.29,409,162,40,737.03,0.87,2.58
2023-04-01,CMP00597,Campaign_597,NA,Email,Product Launch,15156.52,403,198,69,219.66,0.8,1.62
2023-04-01,CMP00598,Campaign_598,APAC,TikTok,Product Launch,41093.56,414,143,32,1284.17,0.89,1.55
2023-04-01,CMP00599,Campaign_599,NA,In-App,Brand,29312.44,428,235,97,302.19,0.81,2.63
2023-04-01,CMP00600,Campaign_600,APAC,In-App,Brand,37821.35,421,198,69,548.14,0.53,1.5
2023-05-01,CMP00601,Campaign_601,NA,TikTok,Brand,13486.6,390,153,43,313.64,0.87,1.43
2023-05-01,CMP00602,Campaign_602,LATAM,Email,Product Launch,32262.91,384,177,42,768.16,0.63,1.91
2023-05-01,CMP00603,Campaign_603,APAC,YouTube,Performance,21763.43,398,224,79,275.49,0.52,1.07
2023-05-01,CMP00604,Campaign_604,NA,In-App,Brand,15991.36,431,192,61,262.15,0.78,1.95
2023-05-01,CMP00605,Campaign_605,LATAM,YouTube,Performance,20267.56,351,112,45,450.39,0.81,2.07
2023-05-01,CMP00606,Campaign_606,APAC,YouTube,Product Launch,24880.22,394,156,51,487.85,0.8,2.36
2023-05-01,CMP00607,Campaign_607,LATAM,Email,Brand,29326.81,402,120,31,946.03,0.67,1.32
2023-05-01,CMP00608,Campaign_608,LATAM,TikTok,Brand,19607.23,397,170,74,264.96,0.85,2.29
2023-05-01,CMP00609,Campaign_609,LATAM,Email,Brand,31899.27,438,250,119,268.06,0.89,1.07
2023-05-01,CMP00610,Campaign_610,EMEA,YouTube,Brand,18496.88,407,140,64,289.01,1.0,2.52
2023-05-01,CMP00611,Campaign_611,EMEA,YouTube,Product Launch,25073.82,401,195,61,411.05,0.92,2.89
2023-05-01,CMP00612,Campaign_612,NA,Email,Product Launch,18985.58,394,216,106,179.11,0.69,2.21
2023-05-01,CMP00613,Campaign_613,EMEA,Influencer,Product Launch,27092.06,376,159,39,694.67,0.84,1.13
2023-05-01,CMP00614,Campaign_614,NA,Influencer,Product Launch,26753.63,432,130,58,461.27,0.58,1.91
2023-05-01,CMP00615,Campaign_615,APAC,TikTok,Product Launch,28471.5,376,183,58,490.89,0.89,1.74
2023-06-01,CMP00616,Campaign_616,EMEA,Influencer,Product Launch,24135.78,425,215,107,225.57,0.78,2.65
2023-06-01,CMP00617,Campaign_617,APAC,In-App,Product Launch,24352.83,400,239,73,333.6,0.91,2.85
2023-06-01,CMP00618,Campaign_618,EMEA,TikTok,Brand,27474.45,397,151,53,518.39,0.88,1.76
2023-06-01,CMP00619,Campaign_619,LATAM,Email,Product Launch,29792.42,414,147,32,931.01,0.52,2.68
2023-06-01,CMP00620,Campaign_620,APAC,Influencer,Brand,27113.94,402,215,61,444.49,0.53,1.62
2023-06-01,CMP00621,Campaign_621,APAC,Email,Performance,13868.93,377,208,85,163.16,0.72,2.57
2023-06-01,CMP00622,Campaign_622,NA,Influencer,Product Launch,5446.75,362,140,61,89.29,0.98,2.38
2023-06-01,CMP00623,Campaign_623,EMEA,Email,Performance,40218.26,377,118,41,980.93,0.56,1.23
2023-06-01,CMP00624,Campaign_624,EMEA,In-App,Brand,14914.59,414,165,59,252.79,0.66,1.3
2023-06-01,CMP00625,Campaign_625,EMEA,Email,Brand,22770.68,382,183,56,406.62,0.8,2.46
2023-06-01,CMP00626,Campaign_626,EMEA,In-App,Brand,23569.26,453,176,39,604.34,0.56,1.75
2023-06-01,CMP00627,Campaign_627,LATAM,YouTube,Product Launch,26016.69,402,135,46,565.58,0.61,2.87
2023-06-01,CMP00628,Campaign_628,APAC,YouTube,Brand,20320.86,363,204,59,344.42,0.75,2.65
2023-06-01,CMP00629,Campaign_629,NA,In-App,Product Launch,13377.58,419,193,40,334.44,0.95,2.29
2023-06-01,CMP00630,Campaign_630,LATAM,YouTube,Performance,37508.15,376,132,27,1389.19,0.82,2.55
2023-07-01,CMP00631,Campaign_631,EMEA,YouTube,Brand,26710.6,408,192,47,568.31,0.91,2.63
2023-07-01,CMP00632,Campaign_632,EMEA,YouTube,Performance,34652.14,404,173,77,450.03,0.57,1.1
2023-07-01,CMP00633,Campaign_633,APAC,TikTok,Performance,22353.89,398,205,57,392.17,0.65,2.5
2023-07-01,CMP00634,Campaign_634,APAC,TikTok,Product Launch,33550.55,384,173,41,818.31,0.51,2.33
2023-07-01,CMP00635,Campaign_635,NA,YouTube,Brand,24671.77,392,130,50,493.44,0.96,2.4
2023-07-01,CMP00636,Campaign_636,APAC,TikTok,Performance,38771.63,402,139,30,1292.39,0.94,2.63
2023-07-01,CMP00637,Campaign_637,LATAM,Email,Brand,39582.97,432,168,62,638.44,0.63,1.91
2023-07-01,CMP00638,Campaign_638,LATAM,YouTube,Performance,13715.79,390,128,39,351.69,0.6,1.82
2023-07-01,CMP00639,Campaign_639,APAC,Email,Product Launch,22419.32,410,213,44,509.53,0.64,2.54
2023-07-01,CMP00640,Campaign_640,LATAM,TikTok,Brand,31563.83,388,167,57,553.75,0.52,1.71
2023-07-01,CMP00641,Campaign_641,EMEA,TikTok,Product Launch,20687.17,410,245,72,287.32,0.66,1.84
2023-07-01,CMP00642,Campaign_642,NA,In-App,Performance,36646.26,412,229,80,458.08,0.64,1.23
2023-07-01,CMP00643,Campaign_643,EMEA,TikTok,Product Launch,25245.5,383,141,53,476.33,0.67,1.02
2023-07-01,CMP00644,Campaign_644,EMEA,TikTok,Brand,32275.65,381,227,90,358.62,0.78,1.67
2023-07-01,CMP00645,Campaign_645,EMEA,TikTok,Brand,38936.8,397,192,75,519.16,0.68,1.12
2023-08-01,CMP00646,Campaign_646,APAC,TikTok,Brand,30826.61,385,130,43,716.9,0.81,1.12
2023-08-01,CMP00647,Campaign_647,APAC,TikTok,Product Launch,24462.33,398,211,103,237.5,0.56,1.85
2023-08-01,CMP00648,Campaign_648,LATAM,Email,Brand,33270.4,380,211,90,369.67,0.52,1.3
2023-08-01,CMP00649,Campaign_649,LATAM,Email,Brand,28362.7,428,191,49,578.83,0.63,2.09
2023-08-01,CMP00650,Campaign_650,LATAM,In-App,Product Launch,15617.64,409,159,32,488.05,0.75,2.11
2023-08-01,CMP00651,Campaign_651,APAC,TikTok,Brand,26426.99,407,207,76,347.72,0.8,2.31
2023-08-01,CMP00652,Campaign_652,EMEA,Email,Performance,8762.23,358,175,76,115.29,0.73,2.64
2023-08-01,CMP00653,Campaign_653,NA,In-App,Brand,25232.11,390,212,44,573.46,0.64,1.71
2023-08-01,CMP00654,Campaign_654,NA,Influencer,Product Launch,13037.01,430,246,76,171.54,0.76,2.51
2023-08-01,CMP00655,Campaign_655,APAC,Influencer,Performance,24291.6,392,135,59,411.72,0.78,1.76
2023-08-01,CMP00656,Campaign_656,APAC,TikTok,Product Launch,38377.56,382,169,65,590.42,0.91,2.94
2023-08-01,CMP00657,Campaign_657,NA,Email,Product Launch,21575.12,398,201,44,490.34,0.69,2.8
2023-08-01,CMP00658,Campaign_658,APAC,Email,Product Launch,35488.05,431,156,55,645.24,0.73,1.98
2023-08-01,CMP00659,Campaign_659,EMEA,YouTube,Performance,28818.82,391,162,46,626.5,0.96,2.32
2023-08-01,CMP00660,Campaign_660,LATAM,YouTube,Brand,32231.03,412,244,73,441.52,0.55,2.45
2023-09-01,CMP00661,Campaign_661,NA,YouTube,Product Launch,25532.18,365,205,57,447.93,0.73,1.97
2023-09-01,CMP00662,Campaign_662,LATAM,Influencer,Brand,16443.72,419,210,102,161.21,0.6,1.93
2023-09-01,CMP00663,Campaign_663,LATAM,Influencer,Product Launch,21520.86,367,134,37,581.64,0.69,2.34
2023-09-01,CMP00664,Campaign_664,EMEA,Influencer,Performance,34030.44,385,184,50,680.61,0.62,2.78
2023-09-01,CMP00665,Campaign_665,LATAM,Influencer,Performance,35797.29,390,217,102,350.95,0.54,1.92
2023-09-01,CMP00666,Campaign_666,LATAM,TikTok,Brand,20638.26,411,180,68,303.5,0.99,3.0
2023-09-01,CMP00667,Campaign_667,APAC,YouTube,Brand,33306.45,401,222,81,411.19,0.68,1.47
2023-09-01,CMP00668,Campaign_668,APAC,Influencer,Product Launch,19350.02,413,205,42,460.71,0.86,1.09
2023-09-01,CMP00669,Campaign_669,APAC,Email,Performance,16836.25,388,194,93,181.03,0.92,2.8
2023-09-01,CMP00670,Campaign_670,NA,TikTok,Brand,25025.28,419,170,43,581.98,0.76,1.15
2023-09-01,CMP00671,Campaign_671,NA,In-App,Brand,35229.98,398,222,98,359.49,0.86,2.54
2023-09-01,CMP00672,Campaign_672,NA,Influencer,Performance,25963.74,410,165,73,355.67,0.68,2.67
2023-09-01,CMP00673,Campaign_673,EMEA,Influencer,Performance,29425.36,396,230,107,275.0,0.75,2.89
2023-09-01,CMP00674,Campaign_674,LATAM,In-App,Brand,28759.52,394,186,91,316.04,0.8,1.81
2023-09-01,CMP00675,Campaign_675,EMEA,TikTok,Performance,27530.51,391,194,93,296.03,0.85,1.2
2023-10-01,CMP00676,Campaign_676,APAC,YouTube,Performance,27034.66,432,156,71,380.77,0.55,2.6
2023-10-01,CMP00677,Campaign_677,LATAM,In-App,Product Launch,9847.94,409,140,30,328.26,0.8,2.02
2023-10-01,CMP00678,Campaign_678,NA,YouTube,Performance,28414.08,383,218,65,437.14,0.69,1.52
2023-10-01,CMP00679,Campaign_679,APAC,TikTok,Product Launch,22851.2,390,187,83,275.32,0.9,2.93
2023-10-01,CMP00680,Campaign_680,NA,In-App,Brand,33852.4,391,197,94,360.13,0.94,2.34
2023-10-01,CMP00681,Campaign_681,LATAM,In-App,Product Launch,28202.77,383,229,58,486.25,0.7,2.95
2023-10-01,CMP00682,Campaign_682,NA,TikTok,Product Launch,15842.07,397,120,29,546.28,0.73,2.16
2023-10-01,CMP00683,Campaign_683,EMEA,TikTok,Brand,15700.02,420,166,60,261.67,0.84,1.53
2023-10-01,CMP00684,Campaign_684,LATAM,YouTube,Product Launch,16731.25,387,122,52,321.75,0.96,1.62
2023-10-01,CMP00685,Campaign_685,LATAM,Influencer,Performance,42551.59,400,156,40,1063.79,0.52,1.35
2023-10-01,CMP00686,Campaign_686,LATAM,TikTok,Performance,22424.72,418,147,70,320.35,0.73,1.06
2023-10-01,CMP00687,Campaign_687,EMEA,YouTube,Performance,24136.98,426,201,72,335.24,0.77,1.53
2023-10-01,CMP00688,Campaign_688,EMEA,TikTok,Performance,28254.99,400,190,71,397.96,0.52,2.66
2023-10-01,CMP00689,Campaign_689,NA,Email,Brand,32861.23,385,215,90,365.12,0.94,2.46
2023-10-01,CMP00690,Campaign_690,APAC,YouTube,Brand,47114.69,374,155,44,1070.79,0.54,1.87
2023-11-01,CMP00691,Campaign_691,LATAM,TikTok,Performance,43729.99,405,147,66,662.58,0.95,1.98
2023-11-01,CMP00692,Campaign_692,APAC,Influencer,Brand,30117.78,403,219,84,358.54,0.59,2.06
2023-11-01,CMP00693,Campaign_693,LATAM,In-App,Product Launch,10262.37,396,196,68,150.92,0.83,2.04
2023-11-01,CMP00694,Campaign_694,LATAM,Email,Product Launch,28449.58,403,128,58,490.51,0.61,2.58
2023-11-01,CMP00695,Campaign_695,EMEA,Influencer,Performance,23703.85,378,203,93,254.88,0.57,2.86
2023-11-01,CMP00696,Campaign_696,LATAM,Influencer,Performance,27754.81,412,137,53,523.68,0.88,2.37
2023-11-01,CMP00697,Campaign_697,NA,YouTube,Performance,27596.26,340,193,59,467.73,0.56,1.24
2023-11-01,CMP00698,Campaign_698,NA,TikTok,Performance,26040.56,430,190,91,286.16,0.62,1.88
2023-11-01,CMP00699,Campaign_699,NA,TikTok,Performance,23752.27,450,206,68,349.3,0.57,2.53
2023-11-01,CMP00700,Campaign_700,EMEA,In-App,Brand,29155.4,395,131,50,583.11,0.97,2.81
2023-11-01,CMP00701,Campaign_701,EMEA,Influencer,Product Launch,17481.85,406,127,30,582.73,0.53,1.47
2023-11-01,CMP00702,Campaign_702,LATAM,TikTok,Brand,21518.12,350,202,54,398.48,0.67,1.7
2023-11-01,CMP00703,Campaign_703,LATAM,Influencer,Performance,33455.43,391,210,76,440.2,0.65,2.3
2023-11-01,CMP00704,Campaign_704,APAC,TikTok,Performance,21883.0,382,180,86,254.45,0.61,1.64
2023-11-01,CMP00705,Campaign_705,EMEA,YouTube,Performance,27238.72,412,228,89,306.05,0.66,1.94
2023-12-01,CMP00706,Campaign_706,NA,Influencer,Performance,27963.6,374,151,47,594.97,0.9,2.49
2023-12-01,CMP00707,Campaign_707,NA,Influencer,Product Launch,19882.26,421,237,78,254.9,0.89,1.33
2023-12-01,CMP00708,Campaign_708,NA,TikTok,Performance,23551.56,397,124,34,692.69,0.84,1.85
2023-12-01,CMP00709,Campaign_709,APAC,Influencer,Product Launch,31665.58,406,186,79,400.83,0.77,2.58
2023-12-01,CMP00710,Campaign_710,APAC,TikTok,Product Launch,18437.54,412,201,45,409.72,0.54,1.87
2023-12-01,CMP00711,Campaign_711,APAC,TikTok,Performance,25004.86,373,191,54,463.05,0.75,2.13
2023-12-01,CMP00712,Campaign_712,LATAM,Influencer,Performance,30006.74,390,230,91,329.74,0.88,1.33
2023-12-01,CMP00713,Campaign_713,APAC,In-App,Performance,31521.25,404,190,89,354.17,0.91,2.37
2023-12-01,CMP00714,Campaign_714,APAC,Influencer,Brand,35148.84,414,151,33,1065.12,0.96,1.68
2023-12-01,CMP00715,Campaign_715,NA,Influencer,Product Launch,36604.14,398,136,45,813.43,0.78,1.14
2023-12-01,CMP00716,Campaign_716,NA,Email,Brand,21283.79,375,130,27,788.29,0.84,2.93
2023-12-01,CMP00717,Campaign_717,LATAM,TikTok,Brand,20350.56,382,218,45,452.23,0.86,2.91
2023-12-01,CMP00718,Campaign_718,EMEA,Email,Product Launch,37273.54,426,161,39,955.73,0.81,1.63
2023-12-01,CMP00719,Campaign_719,LATAM,YouTube,Product Launch,37960.31,400,191,56,677.86,0.99,2.65
2023-12-01,CMP00720,Campaign_720,NA,Influencer,Product Launch,25235.46,391,148,57,442.73,0.66,2.81
2024-01-01,CMP00721,Campaign_721,EMEA,YouTube,Product Launch,31171.68,406,221,88,354.22,0.98,2.99
2024-01-01,CMP00722,Campaign_722,APAC,TikTok,Performance,18111.04,400,155,60,301.85,0.89,1.67
2024-01-01,CMP00723,Campaign_723,EMEA,In-App,Performance,33013.17,425,143,46,717.68,0.86,2.88
2024-01-01,CMP00724,Campaign_724,LATAM,Email,Brand,21087.86,439,154,57,369.96,0.85,1.31
2024-01-01,CMP00725,Campaign_725,APAC,TikTok,Performance,33317.43,368,220,79,421.74,0.97,2.31
2024-01-01,CMP00726,Campaign_726,APAC,Influencer,Product Launch,25876.44,393,140,38,680.96,0.58,2.78
2024-01-01,CMP00727,Campaign_727,EMEA,In-App,Performance,16891.26,415,183,79,213.81,0.55,2.2
2024-01-01,CMP00728,Campaign_728,LATAM,YouTube,Product Launch,13008.57,388,219,81,160.6,0.65,1.35
2024-01-01,CMP00729,Campaign_729,APAC,Email,Performance,23562.21,435,184,47,501.32,0.81,1.39
2024-01-01,CMP00730,Campaign_730,NA,In-App,Brand,21992.37,408,235,107,205.54,0.56,2.56
2024-01-01,CMP00731,Campaign_731,APAC,In-App,Brand,27857.59,401,213,50,557.15,0.82,2.54
2024-01-01,CMP00732,Campaign_732,NA,TikTok,Performance,25118.84,405,200,76,330.51,0.79,2.11
2024-01-01,CMP00733,Campaign_733,NA,TikTok,Performance,18495.62,415,154,67,276.05,0.66,2.18
2024-01-01,CMP00734,Campaign_734,EMEA,Email,Product Launch,10300.45,396,194,71,145.08,0.79,1.08
2024-01-01,CMP00735,Campaign_735,NA,In-App,Brand,28812.66,410,176,61,472.34,0.78,1.89
2024-02-01,CMP00736,Campaign_736,LATAM,Influencer,Product Launch,22726.38,391,217,81,280.57,0.62,2.48
2024-02-01,CMP00737,Campaign_737,LATAM,TikTok,Product Launch,31906.8,398,149,56,569.76,0.68,1.18
2024-02-01,CMP00738,Campaign_738,LATAM,YouTube,Performance,28623.2,377,224,109,262.6,0.65,1.65
2024-02-01,CMP00739,Campaign_739,LATAM,Influencer,Brand,21061.38,381,208,53,397.38,0.87,1.24
2024-02-01,CMP00740,Campaign_740,EMEA,In-App,Performance,41500.98,373,118,37,1121.65,0.61,2.82
2024-02-01,CMP00741,Campaign_741,EMEA,Email,Brand,23496.12,423,219,89,264.0,0.67,1.1
2024-02-01,CMP00742,Campaign_742,EMEA,Email,Product Launch,24630.42,422,134,65,378.93,0.85,1.94
2024-02-01,CMP00743,Campaign_743,LATAM,TikTok,Product Launch,2747.06,417,141,64,42.92,0.72,2.54
2024-02-01,CMP00744,Campaign_744,EMEA,Influencer,Performance,26446.03,392,222,106,249.49,1.0,1.55
2024-02-01,CMP00745,Campaign_745,NA,In-App,Brand,44164.67,424,220,86,513.54,0.84,1.08
2024-02-01,CMP00746,Campaign_746,APAC,TikTok,Product Launch,13977.91,392,186,45,310.62,0.77,2.41
2024-02-01,CMP00747,Campaign_747,LATAM,YouTube,Brand,22835.99,421,160,51,447.76,0.91,1.16
2024-02-01,CMP00748,Campaign_748,NA,TikTok,Product Launch,23099.39,400,132,34,679.39,0.83,2.31
2024-02-01,CMP00749,Campaign_749,NA,YouTube,Product Launch,31246.43,394,161,68,459.51,0.71,1.29
2024-02-01,CMP00750,Campaign_750,EMEA,TikTok,Performance,26894.33,375,205,73,368.42,0.94,2.6
2024-03-01,CMP00751,Campaign_751,LATAM,Email,Brand,33482.51,366,215,44,760.97,0.51,1.12
2024-03-01,CMP00752,Campaign_752,APAC,Email,Performance,27499.72,408,159,56,491.07,0.89,1.45
2024-03-01,CMP00753,Campaign_753,EMEA,TikTok,Brand,20478.79,404,170,52,393.82,0.89,2.66
2024-03-01,CMP00754,Campaign_754,APAC,Influencer,Performance,25519.33,397,149,52,490.76,0.98,2.54
2024-03-01,CMP00755,Campaign_755,EMEA,TikTok,Product Launch,24737.0,413,129,50,494.74,0.71,2.32
2024-03-01,CMP00756,Campaign_756,NA,Influencer,Performance,25497.73,414,227,46,554.3,0.8,1.63
2024-03-01,CMP00757,Campaign_757,APAC,Email,Performance,28578.91,385,172,57,501.38,1.0,1.47
2024-03-01,CMP00758,Campaign_758,NA,Email,Performance,19868.71,395,219,103,192.9,0.81,1.25
2024-03-01,CMP00759,Campaign_759,NA,Influencer,Brand,14923.37,406,206,95,157.09,0.75,1.15
2024-03-01,CMP00760,Campaign_760,NA,YouTube,Brand,17990.33,392,178,75,239.87,0.64,1.21
2024-03-01,CMP00761,Campaign_761,NA,Influencer,Performance,14829.1,370,174,48,308.94,1.0,2.02
2024-03-01,CMP00762,Campaign_762,EMEA,In-App,Product Launch,35212.14,416,142,49,718.62,0.89,2.48
2024-03-01,CMP00763,Campaign_763,LATAM,In-App,Performance,28274.44,394,231,49,577.03,0.84,1.52
2024-03-01,CMP00764,Campaign_764,APAC,Email,Performance,27164.63,419,181,70,388.07,1.0,2.08
2024-03-01,CMP00765,Campaign_765,LATAM,YouTube,Product Launch,32273.99,376,208,80,403.42,0.66,2.52
2024-04-01,CMP00766,Campaign_766,NA,In-App,Product Launch,37740.47,420,177,58,650.7,0.54,2.97
2024-04-01,CMP00767,Campaign_767,NA,In-App,Product Launch,22492.62,399,192,74,303.95,0.97,1.51
2024-04-01,CMP00768,Campaign_768,APAC,In-App,Performance,29221.36,377,134,27,1082.27,0.98,2.93
2024-04-01,CMP00769,Campaign_769,EMEA,Influencer,Brand,18736.1,415,178,46,407.31,0.89,1.46
2024-04-01,CMP00770,Campaign_770,EMEA,Influencer,Brand,27950.89,406,168,70,399.3,0.83,2.81
2024-04-01,CMP00771,Campaign_771,APAC,Email,Brand,18794.04,381,185,41,458.39,0.71,2.26
2024-04-01,CMP00772,Campaign_772,LATAM,TikTok,Product Launch,27855.34,381,148,73,381.58,0.64,2.0
2024-04-01,CMP00773,Campaign_773,NA,TikTok,Product Launch,12351.85,378,174,40,308.8,0.98,2.2
2024-04-01,CMP00774,Campaign_774,APAC,TikTok,Performance,40664.99,359,119,31,1311.77,0.79,1.62
2024-04-01,CMP00775,Campaign_775,LATAM,Email,Performance,33362.9,377,178,72,463.37,0.9,1.17
2024-04-01,CMP00776,Campaign_776,EMEA,TikTok,Performance,34905.34,414,164,71,491.62,0.57,2.23
2024-04-01,CMP00777,Campaign_777,APAC,Influencer,Brand,24234.4,410,240,65,372.84,0.93,1.18
2024-04-01,CMP00778,Campaign_778,APAC,TikTok,Product Launch,27744.15,412,162,71,390.76,0.87,1.04
2024-04-01,CMP00779,Campaign_779,NA,YouTube,Brand,19799.88,429,204,62,319.35,0.83,1.52
2024-04-01,CMP00780,Campaign_780,NA,YouTube,Performance,14342.56,401,143,36,398.4,0.64,2.2
2024-05-01,CMP00781,Campaign_781,NA,YouTube,Performance,28932.02,361,140,69,419.3,0.96,1.1
2024-05-01,CMP00782,Campaign_782,NA,TikTok,Product Launch,30514.05,394,186,79,386.25,0.99,1.33
2024-05-01,CMP00783,Campaign_783,EMEA,Influencer,Brand,27707.36,391,207,96,288.62,0.96,2.37
2024-05-01,CMP00784,Campaign_784,NA,TikTok,Product Launch,20902.55,400,194,58,360.39,0.92,1.43
2024-05-01,CMP00785,Campaign_785,EMEA,Email,Brand,22578.78,351,146,69,327.23,0.78,1.68
2024-05-01,CMP00786,Campaign_786,LATAM,YouTube,Performance,32304.84,373,122,44,734.2,0.86,1.15
2024-05-01,CMP00787,Campaign_787,LATAM,YouTube,Brand,17764.76,387,153,53,335.18,0.56,2.34
2024-05-01,CMP00788,Campaign_788,APAC,Email,Product Launch,20088.52,379,144,58,346.35,0.98,1.15
2024-05-01,CMP00789,Campaign_789,NA,TikTok,Performance,41341.9,421,222,85,486.38,0.82,2.04
2024-05-01,CMP00790,Campaign_790,APAC,In-App,Performance,19386.26,396,140,58,334.25,0.57,2.31
2024-05-01,CMP00791,Campaign_791,LATAM,In-App,Product Launch,36900.96,381,156,53,696.24,0.84,2.28
2024-05-01,CMP00792,Campaign_792,APAC,Influencer,Brand,26539.19,361,192,91,291.64,0.9,1.4
2024-05-01,CMP00793,Campaign_793,EMEA,TikTok,Brand,28319.84,404,212,50,566.4,0.84,1.81
2024-05-01,CMP00794,Campaign_794,APAC,Influencer,Product Launch,22180.97,385,118,44,504.11,0.67,2.94
2024-05-01,CMP00795,Campaign_795,LATAM,In-App,Product Launch,35994.91,442,175,79,455.63,0.71,2.7
2024-06-01,CMP00796,Campaign_796,NA,Email,Performance,27439.13,363,199,82,334.62,0.52,2.45
2024-06-01,CMP00797,Campaign_797,LATAM,Influencer,Brand,16937.15,378,175,45,376.38,0.52,1.95
2024-06-01,CMP00798,Campaign_798,NA,In-App,Brand,17872.75,421,218,62,288.27,0.51,1.72
2024-06-01,CMP00799,Campaign_799,EMEA,YouTube,Performance,41789.12,377,189,55,759.8,0.81,1.25
2024-06-01,CMP00800,Campaign_800,EMEA,In-App,Brand,16360.21,399,130,34,481.18,0.51,2.78
2024-06-01,CMP00801,Campaign_801,EMEA,In-App,Performance,18656.31,436,223,46,405.57,0.66,2.28
2024-06-01,CMP00802,Campaign_802,NA,Email,Brand,29036.73,370,180,57,509.42,0.51,1.37
2024-06-01,CMP00803,Campaign_803,EMEA,Email,Brand,31919.92,381,158,60,532.0,0.52,1.9
2024-06-01,CMP00804,Campaign_804,EMEA,Email,Product Launch,17443.6,399,152,52,335.45,0.5,1.72
2024-06-01,CMP00805,Campaign_805,NA,YouTube,Performance,12745.09,415,177,73,174.59,0.69,1.92
2024-06-01,CMP00806,Campaign_806,EMEA,TikTok,Product Launch,17196.25,407,224,86,199.96,0.79,1.08
2024-06-01,CMP00807,Campaign_807,NA,YouTube,Product Launch,13985.11,368,152,48,291.36,0.62,1.55
2024-06-01,CMP00808,Campaign_808,NA,TikTok,Product Launch,25304.31,378,193,84,301.24,0.59,1.25
2024-06-01,CMP00809,Campaign_809,LATAM,Email,Performance,13472.84,398,201,65,207.27,0.69,1.34
2024-06-01,CMP00810,Campaign_810,LATAM,In-App,Product Launch,16879.33,394,209,91,185.49,0.87,2.32
2024-07-01,CMP00811,Campaign_811,NA,TikTok,Product Launch,39455.32,358,111,29,1360.53,0.62,1.64
2024-07-01,CMP00812,Campaign_812,APAC,TikTok,Brand,39702.45,419,165,49,810.25,0.66,1.17
2024-07-01,CMP00813,Campaign_813,NA,In-App,Performance,10438.55,401,232,78,133.83,0.5,2.49
2024-07-01,CMP00814,Campaign_814,LATAM,Influencer,Performance,33424.77,386,225,107,312.38,0.6,1.29
2024-07-01,CMP00815,Campaign_815,APAC,YouTube,Performance,16144.53,406,225,90,179.38,0.68,2.92
2024-07-01,CMP00816,Campaign_816,APAC,Influencer,Performance,17264.34,414,166,66,261.58,0.97,2.17
2024-07-01,CMP00817,Campaign_817,LATAM,TikTok,Brand,26434.7,405,166,45,587.44,0.7,1.33
2024-07-01,CMP00818,Campaign_818,NA,YouTube,Performance,11727.04,386,184,76,154.3,0.85,2.01
2024-07-01,CMP00819,Campaign_819,EMEA,Email,Product Launch,35365.1,399,190,39,906.8,0.97,1.41
2024-07-01,CMP00820,Campaign_820,LATAM,Email,Product Launch,22133.3,412,136,40,553.33,0.53,2.9
2024-07-01,CMP00821,Campaign_821,APAC,TikTok,Brand,20644.95,416,246,69,299.2,0.9,2.08
2024-07-01,CMP00822,Campaign_822,EMEA,TikTok,Product Launch,2574.7,427,235,56,45.98,0.88,1.79
2024-07-01,CMP00823,Campaign_823,NA,Influencer,Performance,22567.3,429,219,58,389.09,0.89,1.49
2024-07-01,CMP00824,Campaign_824,APAC,TikTok,Performance,21147.05,400,158,78,271.12,0.57,1.8
2024-07-01,CMP00825,Campaign_825,LATAM,Influencer,Product Launch,19607.75,379,222,87,225.38,0.72,1.38
2024-08-01,CMP00826,Campaign_826,APAC,YouTube,Brand,30422.66,398,223,49,620.87,0.63,2.1
2024-08-01,CMP00827,Campaign_827,EMEA,YouTube,Performance,16383.37,424,154,68,240.93,0.91,1.79
2024-08-01,CMP00828,Campaign_828,APAC,In-App,Product Launch,24586.35,439,153,31,793.11,0.7,1.54
2024-08-01,CMP00829,Campaign_829,EMEA,Influencer,Performance,30739.97,430,175,61,503.93,0.91,2.47
2024-08-01,CMP00830,Campaign_830,NA,TikTok,Performance,24388.47,391,201,40,609.71,0.65,1.2
2024-08-01,CMP00831,Campaign_831,APAC,TikTok,Brand,31934.81,412,162,46,694.24,0.77,2.73
2024-08-01,CMP00832,Campaign_832,EMEA,TikTok,Product Launch,29942.26,348,141,53,564.95,0.94,2.12
2024-08-01,CMP00833,Campaign_833,LATAM,Email,Product Launch,44507.87,406,146,58,767.38,0.83,2.63
2024-08-01,CMP00834,Campaign_834,NA,Email,Product Launch,28901.24,405,158,61,473.79,0.66,1.42
2024-08-01,CMP00835,Campaign_835,NA,Email,Product Launch,20785.04,409,130,26,799.42,0.9,1.91
2024-08-01,CMP00836,Campaign_836,LATAM,Influencer,Brand,25382.98,415,189,71,357.51,0.75,2.05
2024-08-01,CMP00837,Campaign_837,EMEA,TikTok,Product Launch,26123.09,404,202,42,621.98,0.78,2.98
2024-08-01,CMP00838,Campaign_838,LATAM,Email,Product Launch,22040.13,409,129,62,355.49,0.87,2.69
2024-08-01,CMP00839,Campaign_839,LATAM,TikTok,Brand,16544.84,402,128,42,393.92,0.79,1.8
2024-08-01,CMP00840,Campaign_840,NA,In-App,Brand,30797.1,401,213,62,496.73,0.88,2.48
2024-09-01,CMP00841,Campaign_841,NA,Influencer,Brand,34240.64,438,168,78,438.98,0.82,2.91
2024-09-01,CMP00842,Campaign_842,NA,TikTok,Brand,20064.82,371,139,47,426.91,0.9,1.35
2024-09-01,CMP00843,Campaign_843,NA,Email,Product Launch,33821.81,415,147,72,469.75,0.68,1.06
2024-09-01,CMP00844,Campaign_844,EMEA,In-App,Product Launch,20155.79,377,143,60,335.93,0.86,1.82
2024-09-01,CMP00845,Campaign_845,APAC,YouTube,Performance,27523.2,392,138,53,519.31,0.96,2.4
2024-09-01,CMP00846,Campaign_846,LATAM,In-App,Product Launch,35230.79,412,203,63,559.22,0.62,2.09
2024-09-01,CMP00847,Campaign_847,EMEA,Influencer,Product Launch,21289.18,391,208,58,367.05,0.9,2.36
2024-09-01,CMP00848,Campaign_848,NA,Influencer,Brand,9894.52,379,187,73,135.54,0.95,2.3
2024-09-01,CMP00849,Campaign_849,NA,Influencer,Performance,36804.62,377,166,58,634.56,0.9,1.96
2024-09-01,CMP00850,Campaign_850,LATAM,YouTube,Product Launch,30119.54,406,241,116,259.65,0.72,1.35
2024-09-01,CMP00851,Campaign_851,EMEA,TikTok,Product Launch,33182.63,373,200,42,790.06,0.86,2.97
2024-09-01,CMP00852,Campaign_852,EMEA,YouTube,Product Launch,21446.64,400,214,49,437.69,0.86,1.36
2024-09-01,CMP00853,Campaign_853,NA,Influencer,Performance,25047.98,406,227,109,229.8,0.67,1.52
2024-09-01,CMP00854,Campaign_854,EMEA,YouTube,Brand,16423.01,393,176,84,195.51,0.73,2.13
2024-09-01,CMP00855,Campaign_855,LATAM,In-App,Performance,8134.83,398,184,46,176.84,0.96,2.85
2024-10-01,CMP00856,Campaign_856,LATAM,Influencer,Brand,26677.8,365,188,47,567.61,0.6,1.98
2024-10-01,CMP00857,Campaign_857,NA,YouTube,Product Launch,27565.49,352,166,70,393.79,0.93,2.18
2024-10-01,CMP00858,Campaign_858,APAC,Influencer,Brand,12880.99,409,206,84,153.35,0.56,2.39
2024-10-01,CMP00859,Campaign_859,LATAM,Email,Performance,24157.97,424,212,86,280.91,0.96,1.84
2024-10-01,CMP00860,Campaign_860,LATAM,YouTube,Performance,18148.3,383,152,72,252.06,0.52,2.19
2024-10-01,CMP00861,Campaign_861,LATAM,YouTube,Product Launch,28865.62,396,204,45,641.46,0.62,1.58
2024-10-01,CMP00862,Campaign_862,NA,TikTok,Brand,20866.88,406,155,68,306.87,0.6,2.09
2024-10-01,CMP00863,Campaign_863,NA,Email,Brand,26778.45,421,185,42,637.58,0.55,2.85
2024-10-01,CMP00864,Campaign_864,LATAM,TikTok,Performance,14257.02,404,175,59,241.64,0.54,2.04
2024-10-01,CMP00865,Campaign_865,LATAM,TikTok,Product Launch,10238.13,438,132,42,243.76,0.58,1.28
2024-10-01,CMP00866,Campaign_866,NA,Email,Product Launch,13602.55,418,237,82,165.88,0.6,2.73
2024-10-01,CMP00867,Campaign_867,NA,TikTok,Product Launch,20395.04,371,148,50,407.9,0.96,2.73
2024-10-01,CMP00868,Campaign_868,APAC,Email,Performance,26103.81,414,135,30,870.13,0.6,2.01
2024-10-01,CMP00869,Campaign_869,NA,Influencer,Brand,22750.15,404,133,39,583.34,0.8,1.01
2024-10-01,CMP00870,Campaign_870,APAC,Influencer,Performance,7621.58,369,111,24,317.57,0.8,2.1
2024-11-01,CMP00871,Campaign_871,LATAM,YouTube,Brand,12584.84,452,270,95,132.47,0.94,1.69
2024-11-01,CMP00872,Campaign_872,APAC,Influencer,Performance,15827.82,413,155,62,255.29,0.98,2.65
2024-11-01,CMP00873,Campaign_873,LATAM,Influencer,Performance,16085.66,426,153,72,223.41,0.76,2.68
2024-11-01,CMP00874,Campaign_874,NA,In-App,Brand,37728.25,417,213,63,598.86,0.98,1.77
2024-11-01,CMP00875,Campaign_875,APAC,Influencer,Brand,31299.25,394,137,63,496.81,0.81,2.39
2024-11-01,CMP00876,Campaign_876,LATAM,YouTube,Performance,34250.06,444,134,61,561.48,0.84,1.03
2024-11-01,CMP00877,Campaign_877,NA,YouTube,Performance,7448.31,416,206,41,181.67,0.71,1.77
2024-11-01,CMP00878,Campaign_878,NA,In-App,Product Launch,25852.75,396,161,44,587.56,0.6,2.56
2024-11-01,CMP00879,Campaign_879,EMEA,In-App,Product Launch,29110.55,381,196,52,559.82,0.67,1.87
2024-11-01,CMP00880,Campaign_880,APAC,YouTube,Performance,31598.79,406,209,74,427.01,0.95,2.77
2024-11-01,CMP00881,Campaign_881,EMEA,TikTok,Brand,27299.66,411,160,70,390.0,0.82,2.98
2024-11-01,CMP00882,Campaign_882,NA,In-App,Performance,29296.31,401,141,48,610.34,0.94,2.25
2024-11-01,CMP00883,Campaign_883,LATAM,YouTube,Product Launch,11170.17,365,186,91,122.75,0.91,1.46
2024-11-01,CMP00884,Campaign_884,NA,TikTok,Brand,36429.72,379,137,45,809.55,0.8,1.19
2024-11-01,CMP00885,Campaign_885,NA,TikTok,Product Launch,25924.4,416,238,55,471.35,0.73,2.21
2024-12-01,CMP00886,Campaign_886,EMEA,TikTok,Product Launch,19803.05,398,120,51,388.3,0.63,1.21
2024-12-01,CMP00887,Campaign_887,EMEA,Influencer,Product Launch,24827.88,420,155,57,435.58,0.97,2.96
2024-12-01,CMP00888,Campaign_888,EMEA,Influencer,Performance,34724.29,388,177,74,469.25,0.75,1.95
2024-12-01,CMP00889,Campaign_889,EMEA,Influencer,Product Launch,31439.17,386,224,106,296.6,0.97,2.62
2024-12-01,CMP00890,Campaign_890,APAC,TikTok,Brand,26727.77,367,138,48,556.83,0.61,1.68
2024-12-01,CMP00891,Campaign_891,EMEA,Influencer,Product Launch,24255.0,389,186,52,466.44,0.87,1.59
2024-12-01,CMP00892,Campaign_892,LATAM,TikTok,Brand,44468.55,382,132,48,926.43,0.86,1.24
2024-12-01,CMP00893,Campaign_893,LATAM,Influencer,Product Launch,30593.73,399,230,56,546.32,0.63,2.86
2024-12-01,CMP00894,Campaign_894,NA,Email,Performance,35876.7,424,158,43,834.34,0.6,2.45
2024-12-01,CMP00895,Campaign_895,EMEA,In-App,Brand,26832.41,428,248,64,419.26,0.81,2.5
2024-12-01,CMP00896,Campaign_896,APAC,TikTok,Product Launch,17229.78,421,166,54,319.07,0.74,2.39
2024-12-01,CMP00897,Campaign_897,EMEA,TikTok,Brand,36249.4,394,148,57,635.95,0.73,1.51
2024-12-01,CMP00898,Campaign_898,EMEA,In-App,Product Launch,25000.29,379,207,67,373.14,0.64,1.62
2024-12-01,CMP00899,Campaign_899,NA,TikTok,Performance,31312.91,388,217,73,428.94,0.5,1.39
2024-12-01,CMP00900,Campaign_900,EMEA,Email,Product Launch,33459.88,402,229,60,557.66,0.75,1.15
