Date,Entity,Product,ARPU,Churn Rate,CAC,SLA Breach Rate,Utilization %,Fulfillment Errors,Backlog Volume
2020-01-01,Tapstorm SG,Summon Siege,25.24,0.161,19.43,0.009,0.792,18,38
2020-01-01,Tapstorm SG,Idle Bureaucracy,37.64,0.234,16.44,0.039,0.829,11,39
2020-01-01,Tapstorm SG,Petty Kingdoms,15.57,0.127,22.86,0.022,0.741,14,47
2020-01-01,TapForge CN,Summon Siege,30.65,0.145,21.7,0.018,0.722,15,40
2020-01-01,TapForge CN,Idle Bureaucracy,37.99,0.17,22.43,0.026,0.688,15,39
2020-01-01,TapForge CN,Petty Kingdoms,27.64,0.147,16.31,0.044,0.901,12,37
2020-01-01,WhaleCare PH,Summon Siege,32.09,0.154,16.7,0.036,0.791,17,47
2020-01-01,WhaleCare PH,Idle Bureaucracy,23.76,0.096,14.28,0.016,0.639,17,52
2020-01-01,WhaleCare PH,Petty Kingdoms,29.9,0.145,21.52,0.02,0.886,14,30
2020-01-01,SummonStorm BR,Summon Siege,35.5,0.155,17.66,0.032,0.73,19,40
2020-01-01,SummonStorm BR,Idle Bureaucracy,36.42,0.078,18.91,0.031,0.835,15,49
2020-01-01,SummonStorm BR,Petty Kingdoms,27.76,0.193,10.42,0.045,0.87,23,40
2020-02-01,Tapstorm SG,Summon Siege,27.74,0.148,9.82,0.033,0.645,17,39
2020-02-01,Tapstorm SG,Idle Bureaucracy,26.32,0.041,20.72,0.015,0.635,13,50
2020-02-01,Tapstorm SG,Petty Kingdoms,26.48,0.167,18.76,0.041,0.793,11,34
2020-02-01,TapForge CN,Summon Siege,29.74,0.119,14.65,0.021,0.877,9,43
2020-02-01,TapForge CN,Idle Bureaucracy,23.71,0.185,16.5,0.033,0.689,12,38
2020-02-01,TapForge CN,Petty Kingdoms,30.2,0.139,21.34,0.022,0.856,17,34
2020-02-01,WhaleCare PH,Summon Siege,30.36,0.092,20.07,0.018,0.896,7,37
2020-02-01,WhaleCare PH,Idle Bureaucracy,29.09,0.177,19.49,0.038,0.781,7,42
2020-02-01,WhaleCare PH,Petty Kingdoms,29.22,0.125,16.28,0.049,0.509,22,37
2020-02-01,SummonStorm BR,Summon Siege,29.7,0.105,6.26,0.041,0.651,13,40
2020-02-01,SummonStorm BR,Idle Bureaucracy,32.74,0.111,16.53,0.029,0.615,12,39
2020-02-01,SummonStorm BR,Petty Kingdoms,26.05,0.072,11.55,0.039,0.886,19,49
2020-03-01,Tapstorm SG,Summon Siege,25.17,0.144,15.39,0.034,0.966,19,28
2020-03-01,Tapstorm SG,Idle Bureaucracy,32.48,0.179,20.32,0.047,0.964,11,40
2020-03-01,Tapstorm SG,Petty Kingdoms,28.27,0.11,14.27,0.021,0.956,12,40
2020-03-01,TapForge CN,Summon Siege,22.92,0.127,24.21,0.041,0.609,20,43
2020-03-01,TapForge CN,Idle Bureaucracy,22.94,0.117,25.01,0.036,0.761,7,38
2020-03-01,TapForge CN,Petty Kingdoms,15.37,0.154,20.66,0.037,0.719,14,41
2020-03-01,WhaleCare PH,Summon Siege,34.4,0.114,22.92,0.018,0.632,12,41
2020-03-01,WhaleCare PH,Idle Bureaucracy,24.1,0.075,20.6,0.026,0.886,20,41
2020-03-01,WhaleCare PH,Petty Kingdoms,30.3,0.143,18.35,0.012,0.793,10,36
2020-03-01,SummonStorm BR,Summon Siege,26.52,0.151,17.11,0.033,0.848,14,34
2020-03-01,SummonStorm BR,Idle Bureaucracy,30.71,0.129,17.15,0.024,0.869,16,40
2020-03-01,SummonStorm BR,Petty Kingdoms,30.03,0.182,14.97,0.036,0.912,16,62
2020-04-01,Tapstorm SG,Summon Siege,18.99,0.126,16.45,0.027,0.667,11,41
2020-04-01,Tapstorm SG,Idle Bureaucracy,28.53,0.173,29.16,0.019,0.596,14,44
2020-04-01,Tapstorm SG,Petty Kingdoms,27.85,0.062,14.23,0.034,0.855,18,29
2020-04-01,TapForge CN,Summon Siege,31.64,0.134,22.25,0.031,0.807,12,36
2020-04-01,TapForge CN,Idle Bureaucracy,25.53,0.096,8.69,0.022,0.684,11,32
2020-04-01,TapForge CN,Petty Kingdoms,19.2,0.152,17.12,0.03,0.863,20,31
2020-04-01,WhaleCare PH,Summon Siege,28.04,0.173,14.88,0.042,0.796,15,37
2020-04-01,WhaleCare PH,Idle Bureaucracy,34.41,0.174,15.42,0.039,0.653,18,38
2020-04-01,WhaleCare PH,Petty Kingdoms,25.51,0.076,14.09,0.031,0.783,10,38
2020-04-01,SummonStorm BR,Summon Siege,23.84,0.197,16.87,0.035,0.692,24,35
2020-04-01,SummonStorm BR,Idle Bureaucracy,30.53,0.113,14.38,0.025,0.94,17,42
2020-04-01,SummonStorm BR,Petty Kingdoms,35.27,0.198,24.82,0.035,0.849,20,37
2020-05-01,Tapstorm SG,Summon Siege,31.29,0.097,15.8,0.044,0.756,13,36
2020-05-01,Tapstorm SG,Idle Bureaucracy,21.01,0.17,17.24,0.035,0.55,25,41
2020-05-01,Tapstorm SG,Petty Kingdoms,33.36,0.246,10.48,0.027,0.6,16,37
2020-05-01,TapForge CN,Summon Siege,31.4,0.175,16.08,0.038,0.685,20,29
2020-05-01,TapForge CN,Idle Bureaucracy,25.91,0.138,9.81,0.027,0.582,12,33
2020-05-01,TapForge CN,Petty Kingdoms,34.19,0.048,17.03,0.031,0.829,8,39
2020-05-01,WhaleCare PH,Summon Siege,38.77,0.24,14.32,0.034,0.686,19,37
2020-05-01,WhaleCare PH,Idle Bureaucracy,37.89,0.082,16.81,0.027,0.872,14,35
2020-05-01,WhaleCare PH,Petty Kingdoms,33.64,0.198,14.32,0.047,0.821,16,36
2020-05-01,SummonStorm BR,Summon Siege,28.93,0.188,15.34,0.03,0.902,17,36
2020-05-01,SummonStorm BR,Idle Bureaucracy,33.59,0.208,9.47,0.032,0.743,11,39
2020-05-01,SummonStorm BR,Petty Kingdoms,35.26,0.151,13.8,0.035,0.822,18,36
2020-06-01,Tapstorm SG,Summon Siege,27.46,0.166,17.16,0.01,0.684,12,55
2020-06-01,Tapstorm SG,Idle Bureaucracy,30.28,0.146,4.69,0.029,0.728,13,34
2020-06-01,Tapstorm SG,Petty Kingdoms,28.15,0.08,17.86,0.024,0.587,12,36
2020-06-01,TapForge CN,Summon Siege,35.1,0.248,15.04,0.024,0.874,11,32
2020-06-01,TapForge CN,Idle Bureaucracy,33.42,0.186,18.62,0.023,0.786,16,50
2020-06-01,TapForge CN,Petty Kingdoms,30.17,0.132,19.76,0.032,1.029,15,41
2020-06-01,WhaleCare PH,Summon Siege,27.51,0.113,15.6,0.019,0.58,18,41
2020-06-01,WhaleCare PH,Idle Bureaucracy,39.6,0.154,12.44,0.034,0.876,22,44
2020-06-01,WhaleCare PH,Petty Kingdoms,34.52,0.156,15.44,0.04,0.726,15,35
2020-06-01,SummonStorm BR,Summon Siege,25.62,0.111,12.53,0.024,0.816,13,35
2020-06-01,SummonStorm BR,Idle Bureaucracy,26.76,0.196,21.13,0.04,0.764,13,32
2020-06-01,SummonStorm BR,Petty Kingdoms,32.17,0.136,14.06,0.019,0.779,18,38
2020-07-01,Tapstorm SG,Summon Siege,26.7,0.13,12.71,0.039,0.771,13,47
2020-07-01,Tapstorm SG,Idle Bureaucracy,29.63,0.081,21.69,0.017,0.863,15,38
2020-07-01,Tapstorm SG,Petty Kingdoms,23.1,0.144,18.33,0.037,0.774,14,44
2020-07-01,TapForge CN,Summon Siege,34.17,0.146,19.32,0.033,0.658,15,37
2020-07-01,TapForge CN,Idle Bureaucracy,29.97,0.143,22.33,0.03,0.969,16,52
2020-07-01,TapForge CN,Petty Kingdoms,32.0,0.199,17.5,0.043,0.814,15,42
2020-07-01,WhaleCare PH,Summon Siege,34.8,0.19,11.98,0.025,0.848,15,39
2020-07-01,WhaleCare PH,Idle Bureaucracy,26.39,0.125,12.68,0.048,0.719,13,33
2020-07-01,WhaleCare PH,Petty Kingdoms,18.48,0.079,20.71,0.025,0.797,12,36
2020-07-01,SummonStorm BR,Summon Siege,45.36,0.099,12.15,0.041,0.807,11,47
2020-07-01,SummonStorm BR,Idle Bureaucracy,28.09,0.128,22.58,0.029,0.759,16,41
2020-07-01,SummonStorm BR,Petty Kingdoms,30.64,0.143,14.9,0.042,0.638,16,36
2020-08-01,Tapstorm SG,Summon Siege,23.12,0.256,21.04,0.025,0.823,11,40
2020-08-01,Tapstorm SG,Idle Bureaucracy,29.61,0.13,16.27,0.022,0.7,20,34
2020-08-01,Tapstorm SG,Petty Kingdoms,25.68,0.125,17.81,0.047,0.742,9,37
2020-08-01,TapForge CN,Summon Siege,22.9,0.113,17.1,0.031,0.919,8,33
2020-08-01,TapForge CN,Idle Bureaucracy,31.15,0.035,12.9,0.042,0.709,19,40
2020-08-01,TapForge CN,Petty Kingdoms,22.51,0.155,20.23,0.036,0.931,16,41
2020-08-01,WhaleCare PH,Summon Siege,30.77,0.227,17.41,0.023,0.714,19,40
2020-08-01,WhaleCare PH,Idle Bureaucracy,28.0,0.199,13.08,0.037,0.819,9,36
2020-08-01,WhaleCare PH,Petty Kingdoms,30.82,0.078,21.06,0.043,0.808,25,40
2020-08-01,SummonStorm BR,Summon Siege,28.6,0.007,11.19,0.019,0.78,19,45
2020-08-01,SummonStorm BR,Idle Bureaucracy,22.89,0.199,21.8,0.014,0.874,17,47
2020-08-01,SummonStorm BR,Petty Kingdoms,30.78,0.162,16.53,0.042,0.873,10,31
2020-09-01,Tapstorm SG,Summon Siege,26.34,0.181,18.95,0.033,0.744,14,45
2020-09-01,Tapstorm SG,Idle Bureaucracy,26.41,0.068,19.53,0.042,0.957,19,33
2020-09-01,Tapstorm SG,Petty Kingdoms,31.29,0.165,19.29,0.021,0.84,16,45
2020-09-01,TapForge CN,Summon Siege,34.96,0.142,22.95,0.022,0.761,13,39
2020-09-01,TapForge CN,Idle Bureaucracy,25.32,0.179,18.98,0.027,0.652,14,33
2020-09-01,TapForge CN,Petty Kingdoms,24.56,0.163,21.51,0.018,0.692,23,27
2020-09-01,WhaleCare PH,Summon Siege,29.08,0.186,18.74,0.014,0.7,21,39
2020-09-01,WhaleCare PH,Idle Bureaucracy,21.36,0.052,9.78,0.05,0.643,23,39
2020-09-01,WhaleCare PH,Petty Kingdoms,26.42,0.117,18.88,0.032,0.785,11,29
2020-09-01,SummonStorm BR,Summon Siege,33.28,0.067,16.1,0.025,0.847,12,33
2020-09-01,SummonStorm BR,Idle Bureaucracy,21.62,0.075,19.9,0.016,0.728,22,39
2020-09-01,SummonStorm BR,Petty Kingdoms,28.13,0.097,16.57,0.039,0.729,14,38
2020-10-01,Tapstorm SG,Summon Siege,26.18,0.126,21.11,0.023,0.757,13,47
2020-10-01,Tapstorm SG,Idle Bureaucracy,28.38,0.142,13.9,0.037,0.655,12,53
2020-10-01,Tapstorm SG,Petty Kingdoms,29.96,0.13,20.0,0.046,0.791,12,41
2020-10-01,TapForge CN,Summon Siege,26.84,0.143,21.07,0.026,0.713,14,37
2020-10-01,TapForge CN,Idle Bureaucracy,21.45,0.153,22.5,0.034,0.977,17,37
2020-10-01,TapForge CN,Petty Kingdoms,38.55,0.165,18.52,0.035,0.684,10,38
2020-10-01,WhaleCare PH,Summon Siege,28.98,0.145,19.31,0.039,0.907,15,39
2020-10-01,WhaleCare PH,Idle Bureaucracy,30.85,0.142,23.13,0.034,0.638,13,51
2020-10-01,WhaleCare PH,Petty Kingdoms,20.67,0.205,15.32,0.008,0.823,20,44
2020-10-01,SummonStorm BR,Summon Siege,23.92,0.155,19.1,0.035,0.706,17,47
2020-10-01,SummonStorm BR,Idle Bureaucracy,23.38,0.157,16.52,0.035,0.825,10,56
2020-10-01,SummonStorm BR,Petty Kingdoms,23.1,0.184,17.41,0.011,0.643,15,27
2020-11-01,Tapstorm SG,Summon Siege,21.41,0.087,21.04,0.037,0.71,16,37
2020-11-01,Tapstorm SG,Idle Bureaucracy,26.16,0.156,12.29,0.023,0.859,10,43
2020-11-01,Tapstorm SG,Petty Kingdoms,20.07,0.067,13.83,0.03,0.549,13,38
2020-11-01,TapForge CN,Summon Siege,31.3,0.116,20.98,0.014,0.708,21,51
2020-11-01,TapForge CN,Idle Bureaucracy,27.45,0.15,20.02,0.03,0.797,13,37
2020-11-01,TapForge CN,Petty Kingdoms,29.12,0.187,14.21,0.04,0.825,19,41
2020-11-01,WhaleCare PH,Summon Siege,25.23,0.185,15.64,0.029,0.943,14,44
2020-11-01,WhaleCare PH,Idle Bureaucracy,22.46,0.087,7.95,0.019,0.713,12,46
2020-11-01,WhaleCare PH,Petty Kingdoms,29.6,0.131,20.07,0.041,0.687,17,34
2020-11-01,SummonStorm BR,Summon Siege,22.72,0.13,23.57,0.04,0.887,8,55
2020-11-01,SummonStorm BR,Idle Bureaucracy,25.82,0.119,13.51,0.021,0.707,23,39
2020-11-01,SummonStorm BR,Petty Kingdoms,30.94,0.131,21.85,0.017,0.726,14,51
2020-12-01,Tapstorm SG,Summon Siege,31.31,0.077,20.25,0.038,0.846,15,52
2020-12-01,Tapstorm SG,Idle Bureaucracy,31.11,0.159,15.93,0.034,0.788,16,41
2020-12-01,Tapstorm SG,Petty Kingdoms,28.64,0.172,15.03,0.026,0.868,11,37
2020-12-01,TapForge CN,Summon Siege,27.36,0.158,14.71,0.038,0.689,17,46
2020-12-01,TapForge CN,Idle Bureaucracy,31.84,0.131,20.43,0.017,0.682,18,38
2020-12-01,TapForge CN,Petty Kingdoms,23.07,0.136,23.03,0.032,0.526,20,53
2020-12-01,WhaleCare PH,Summon Siege,22.14,0.123,20.8,0.046,0.802,13,38
2020-12-01,WhaleCare PH,Idle Bureaucracy,24.05,0.172,18.04,0.044,0.794,14,31
2020-12-01,WhaleCare PH,Petty Kingdoms,32.42,0.216,10.28,0.029,0.893,13,45
2020-12-01,SummonStorm BR,Summon Siege,25.39,0.098,22.0,0.033,0.745,12,37
2020-12-01,SummonStorm BR,Idle Bureaucracy,29.63,0.135,15.44,0.022,0.712,12,29
2020-12-01,SummonStorm BR,Petty Kingdoms,30.59,0.177,20.9,0.039,0.723,9,37
2021-01-01,Tapstorm SG,Summon Siege,26.65,0.222,15.03,0.022,0.725,16,45
2021-01-01,Tapstorm SG,Idle Bureaucracy,42.3,0.164,16.43,0.027,0.886,14,44
2021-01-01,Tapstorm SG,Petty Kingdoms,21.74,0.132,22.28,0.036,0.814,21,37
2021-01-01,TapForge CN,Summon Siege,32.07,0.107,18.94,0.034,0.746,11,46
2021-01-01,TapForge CN,Idle Bureaucracy,28.67,0.149,26.86,0.022,0.883,9,48
2021-01-01,TapForge CN,Petty Kingdoms,24.38,0.14,26.84,0.028,0.843,15,43
2021-01-01,WhaleCare PH,Summon Siege,30.97,0.146,13.54,0.018,0.773,15,48
2021-01-01,WhaleCare PH,Idle Bureaucracy,31.01,0.113,15.23,0.039,0.72,13,39
2021-01-01,WhaleCare PH,Petty Kingdoms,35.2,0.134,20.58,0.042,0.841,21,47
2021-01-01,SummonStorm BR,Summon Siege,30.05,0.194,29.43,0.035,0.694,23,49
2021-01-01,SummonStorm BR,Idle Bureaucracy,33.19,0.158,15.67,0.026,0.549,8,55
2021-01-01,SummonStorm BR,Petty Kingdoms,28.07,0.117,19.51,0.021,0.674,20,38
2021-02-01,Tapstorm SG,Summon Siege,30.63,0.177,21.44,0.022,0.994,18,43
2021-02-01,Tapstorm SG,Idle Bureaucracy,28.31,0.199,16.18,0.047,0.784,18,39
2021-02-01,Tapstorm SG,Petty Kingdoms,29.57,0.141,13.78,0.024,0.57,15,37
2021-02-01,TapForge CN,Summon Siege,27.85,0.198,21.33,0.038,0.792,19,41
2021-02-01,TapForge CN,Idle Bureaucracy,25.55,0.216,18.17,0.018,0.84,14,38
2021-02-01,TapForge CN,Petty Kingdoms,24.16,0.06,19.52,0.042,0.761,10,44
2021-02-01,WhaleCare PH,Summon Siege,19.7,0.2,16.84,0.037,0.673,12,37
2021-02-01,WhaleCare PH,Idle Bureaucracy,30.05,0.066,16.87,0.041,0.731,21,43
2021-02-01,WhaleCare PH,Petty Kingdoms,20.29,0.178,19.4,0.036,0.793,18,47
2021-02-01,SummonStorm BR,Summon Siege,23.9,0.105,16.43,0.024,0.893,18,45
2021-02-01,SummonStorm BR,Idle Bureaucracy,20.5,0.198,16.6,0.038,0.697,13,38
2021-02-01,SummonStorm BR,Petty Kingdoms,28.21,0.09,21.47,0.038,0.71,20,36
2021-03-01,Tapstorm SG,Summon Siege,16.41,0.157,15.96,0.017,0.854,12,33
2021-03-01,Tapstorm SG,Idle Bureaucracy,23.91,0.219,24.35,0.042,0.856,16,51
2021-03-01,Tapstorm SG,Petty Kingdoms,33.78,0.153,21.49,0.025,0.795,19,46
2021-03-01,TapForge CN,Summon Siege,23.24,0.147,12.84,0.01,0.9,15,33
2021-03-01,TapForge CN,Idle Bureaucracy,34.43,0.116,19.84,0.026,0.822,16,26
2021-03-01,TapForge CN,Petty Kingdoms,27.93,0.056,24.16,0.02,0.588,19,49
2021-03-01,WhaleCare PH,Summon Siege,27.48,0.186,21.33,0.019,0.831,16,35
2021-03-01,WhaleCare PH,Idle Bureaucracy,29.88,0.089,11.78,0.039,0.682,11,40
2021-03-01,WhaleCare PH,Petty Kingdoms,27.09,0.147,21.49,0.054,0.582,16,54
2021-03-01,SummonStorm BR,Summon Siege,33.05,0.157,22.49,0.015,0.748,14,44
2021-03-01,SummonStorm BR,Idle Bureaucracy,35.31,0.136,12.86,0.023,0.647,13,38
2021-03-01,SummonStorm BR,Petty Kingdoms,34.83,0.135,13.57,0.02,0.717,15,39
2021-04-01,Tapstorm SG,Summon Siege,28.03,0.106,12.63,0.028,0.646,14,53
2021-04-01,Tapstorm SG,Idle Bureaucracy,35.56,0.04,26.02,0.036,0.859,11,47
2021-04-01,Tapstorm SG,Petty Kingdoms,21.17,0.175,17.34,0.04,0.898,11,40
2021-04-01,TapForge CN,Summon Siege,24.79,0.132,22.3,0.037,0.767,18,41
2021-04-01,TapForge CN,Idle Bureaucracy,31.06,0.138,12.2,0.025,0.754,15,43
2021-04-01,TapForge CN,Petty Kingdoms,20.1,0.063,14.89,0.027,0.757,17,46
2021-04-01,WhaleCare PH,Summon Siege,25.45,0.089,25.84,0.013,0.779,15,38
2021-04-01,WhaleCare PH,Idle Bureaucracy,24.1,0.22,14.0,0.035,0.781,15,36
2021-04-01,WhaleCare PH,Petty Kingdoms,25.73,0.148,18.34,0.046,0.63,15,48
2021-04-01,SummonStorm BR,Summon Siege,26.86,0.148,19.68,0.021,0.932,9,40
2021-04-01,SummonStorm BR,Idle Bureaucracy,29.12,0.114,13.66,0.028,0.663,20,45
2021-04-01,SummonStorm BR,Petty Kingdoms,34.1,0.131,17.58,0.03,0.736,17,55
2021-05-01,Tapstorm SG,Summon Siege,26.24,0.191,13.8,0.022,0.849,17,30
2021-05-01,Tapstorm SG,Idle Bureaucracy,30.53,0.152,13.97,0.028,0.769,15,42
2021-05-01,Tapstorm SG,Petty Kingdoms,31.74,0.25,20.87,0.027,0.82,6,37
2021-05-01,TapForge CN,Summon Siege,25.98,0.163,20.79,0.025,0.735,18,47
2021-05-01,TapForge CN,Idle Bureaucracy,24.67,0.085,17.37,0.037,0.814,17,44
2021-05-01,TapForge CN,Petty Kingdoms,27.34,0.198,16.57,0.028,0.829,11,39
2021-05-01,WhaleCare PH,Summon Siege,19.49,0.075,8.98,0.037,0.701,17,52
2021-05-01,WhaleCare PH,Idle Bureaucracy,25.5,0.104,8.73,0.036,0.711,18,47
2021-05-01,WhaleCare PH,Petty Kingdoms,37.92,0.149,15.53,0.018,0.822,15,33
2021-05-01,SummonStorm BR,Summon Siege,25.73,0.079,13.36,0.031,0.774,12,39
2021-05-01,SummonStorm BR,Idle Bureaucracy,31.94,0.104,20.21,0.036,0.775,16,27
2021-05-01,SummonStorm BR,Petty Kingdoms,23.8,0.156,22.55,0.025,0.741,15,38
2021-06-01,Tapstorm SG,Summon Siege,25.39,0.232,19.6,0.019,0.843,20,51
2021-06-01,Tapstorm SG,Idle Bureaucracy,26.3,0.124,17.31,0.027,0.807,16,29
2021-06-01,Tapstorm SG,Petty Kingdoms,38.58,0.12,21.97,0.025,0.691,14,38
2021-06-01,TapForge CN,Summon Siege,21.92,0.121,17.1,0.014,0.823,11,48
2021-06-01,TapForge CN,Idle Bureaucracy,29.64,0.15,23.17,0.019,0.751,17,39
2021-06-01,TapForge CN,Petty Kingdoms,28.0,0.222,16.27,0.036,0.788,17,36
2021-06-01,WhaleCare PH,Summon Siege,30.89,0.132,20.07,0.035,0.839,16,38
2021-06-01,WhaleCare PH,Idle Bureaucracy,28.98,0.139,23.67,0.018,0.744,17,40
2021-06-01,WhaleCare PH,Petty Kingdoms,18.15,0.197,17.63,0.037,0.866,17,31
2021-06-01,SummonStorm BR,Summon Siege,21.61,0.165,16.87,0.015,0.838,15,38
2021-06-01,SummonStorm BR,Idle Bureaucracy,32.67,0.225,16.7,0.029,0.641,13,42
2021-06-01,SummonStorm BR,Petty Kingdoms,41.03,0.134,16.57,0.02,0.891,22,32
2021-07-01,Tapstorm SG,Summon Siege,24.37,0.135,15.66,0.022,0.677,16,32
2021-07-01,Tapstorm SG,Idle Bureaucracy,21.86,0.078,15.55,0.041,0.712,15,39
2021-07-01,Tapstorm SG,Petty Kingdoms,30.79,0.138,24.91,0.013,0.892,5,41
2021-07-01,TapForge CN,Summon Siege,25.95,0.231,20.69,0.036,0.686,15,39
2021-07-01,TapForge CN,Idle Bureaucracy,37.03,0.081,15.56,0.033,0.853,12,29
2021-07-01,TapForge CN,Petty Kingdoms,27.82,0.166,21.79,0.034,0.829,16,44
2021-07-01,WhaleCare PH,Summon Siege,26.81,0.2,19.46,0.037,0.788,21,38
2021-07-01,WhaleCare PH,Idle Bureaucracy,21.15,0.179,22.28,0.036,0.757,20,36
2021-07-01,WhaleCare PH,Petty Kingdoms,27.78,0.096,19.74,0.017,0.872,21,37
2021-07-01,SummonStorm BR,Summon Siege,27.42,0.133,20.9,0.024,0.777,13,46
2021-07-01,SummonStorm BR,Idle Bureaucracy,35.52,0.043,20.8,0.024,0.739,13,53
2021-07-01,SummonStorm BR,Petty Kingdoms,26.18,0.101,23.04,0.043,0.716,12,35
2021-08-01,Tapstorm SG,Summon Siege,25.33,0.126,21.91,0.02,0.721,12,48
2021-08-01,Tapstorm SG,Idle Bureaucracy,32.32,0.138,18.08,0.045,0.917,19,43
2021-08-01,Tapstorm SG,Petty Kingdoms,27.53,0.169,16.58,0.013,0.974,14,32
2021-08-01,TapForge CN,Summon Siege,28.33,0.12,20.77,0.019,0.741,15,44
2021-08-01,TapForge CN,Idle Bureaucracy,32.37,0.156,14.85,0.045,0.782,21,45
2021-08-01,TapForge CN,Petty Kingdoms,30.89,0.108,16.27,0.017,0.811,12,33
2021-08-01,WhaleCare PH,Summon Siege,27.11,0.114,14.07,0.035,0.72,11,40
2021-08-01,WhaleCare PH,Idle Bureaucracy,32.58,0.134,21.69,0.022,0.776,14,39
2021-08-01,WhaleCare PH,Petty Kingdoms,25.67,0.177,15.51,0.033,0.763,15,48
2021-08-01,SummonStorm BR,Summon Siege,22.97,0.164,21.46,0.029,0.648,10,36
2021-08-01,SummonStorm BR,Idle Bureaucracy,36.66,0.199,26.5,0.038,0.68,16,26
2021-08-01,SummonStorm BR,Petty Kingdoms,33.82,0.11,21.05,0.03,0.805,11,33
2021-09-01,Tapstorm SG,Summon Siege,36.15,0.187,21.21,0.03,0.688,15,36
2021-09-01,Tapstorm SG,Idle Bureaucracy,40.47,0.161,20.18,0.029,0.854,19,40
2021-09-01,Tapstorm SG,Petty Kingdoms,26.5,0.241,17.67,0.025,0.793,11,43
2021-09-01,TapForge CN,Summon Siege,32.75,0.173,19.92,0.02,0.68,12,48
2021-09-01,TapForge CN,Idle Bureaucracy,28.82,0.169,14.67,0.03,0.821,13,26
2021-09-01,TapForge CN,Petty Kingdoms,27.93,0.095,16.69,0.055,0.629,11,40
2021-09-01,WhaleCare PH,Summon Siege,35.12,0.2,20.64,0.032,0.749,14,38
2021-09-01,WhaleCare PH,Idle Bureaucracy,21.82,0.18,16.55,0.022,0.737,12,30
2021-09-01,WhaleCare PH,Petty Kingdoms,32.15,0.134,14.21,0.034,0.828,16,30
2021-09-01,SummonStorm BR,Summon Siege,27.76,0.089,11.18,0.027,0.73,16,39
2021-09-01,SummonStorm BR,Idle Bureaucracy,31.06,0.112,21.11,0.028,0.682,16,31
2021-09-01,SummonStorm BR,Petty Kingdoms,31.25,0.157,17.14,0.027,0.858,15,54
2021-10-01,Tapstorm SG,Summon Siege,27.49,0.21,22.71,0.03,0.743,17,41
2021-10-01,Tapstorm SG,Idle Bureaucracy,32.22,0.103,22.92,0.035,0.827,12,27
2021-10-01,Tapstorm SG,Petty Kingdoms,26.67,0.126,15.24,0.024,0.909,16,43
2021-10-01,TapForge CN,Summon Siege,30.14,0.07,19.34,0.023,0.803,14,35
2021-10-01,TapForge CN,Idle Bureaucracy,21.36,0.159,16.03,0.028,0.716,14,38
2021-10-01,TapForge CN,Petty Kingdoms,31.13,0.078,23.83,0.044,0.869,15,45
2021-10-01,WhaleCare PH,Summon Siege,22.32,0.178,15.1,0.022,0.758,14,41
2021-10-01,WhaleCare PH,Idle Bureaucracy,33.1,0.065,22.11,0.04,0.713,14,39
2021-10-01,WhaleCare PH,Petty Kingdoms,32.24,0.127,23.62,0.01,0.762,8,37
2021-10-01,SummonStorm BR,Summon Siege,23.51,0.016,22.44,0.027,0.747,17,39
2021-10-01,SummonStorm BR,Idle Bureaucracy,26.93,0.083,17.11,0.029,0.608,15,41
2021-10-01,SummonStorm BR,Petty Kingdoms,21.3,0.078,16.73,0.027,0.605,9,40
2021-11-01,Tapstorm SG,Summon Siege,27.26,0.171,12.61,0.019,0.859,15,44
2021-11-01,Tapstorm SG,Idle Bureaucracy,34.78,0.097,16.06,0.025,0.638,13,45
2021-11-01,Tapstorm SG,Petty Kingdoms,32.26,0.154,24.42,0.024,0.877,15,47
2021-11-01,TapForge CN,Summon Siege,30.7,0.188,19.65,0.029,0.771,13,30
2021-11-01,TapForge CN,Idle Bureaucracy,26.23,0.097,20.34,0.034,0.737,13,27
2021-11-01,TapForge CN,Petty Kingdoms,28.27,0.203,24.51,0.018,0.552,13,40
2021-11-01,WhaleCare PH,Summon Siege,25.55,0.093,18.9,0.032,0.815,10,43
2021-11-01,WhaleCare PH,Idle Bureaucracy,32.51,0.116,22.92,0.016,0.611,13,37
2021-11-01,WhaleCare PH,Petty Kingdoms,29.32,0.2,21.15,0.049,0.603,10,44
2021-11-01,SummonStorm BR,Summon Siege,26.14,0.17,23.77,0.033,0.85,14,40
2021-11-01,SummonStorm BR,Idle Bureaucracy,18.08,0.164,21.3,0.005,0.958,10,55
2021-11-01,SummonStorm BR,Petty Kingdoms,31.72,0.065,19.48,0.034,0.767,21,48
2021-12-01,Tapstorm SG,Summon Siege,25.02,0.181,18.03,0.032,0.767,15,34
2021-12-01,Tapstorm SG,Idle Bureaucracy,15.9,0.12,21.14,0.042,0.825,10,39
2021-12-01,Tapstorm SG,Petty Kingdoms,21.52,0.115,21.69,0.03,0.887,12,40
2021-12-01,TapForge CN,Summon Siege,30.54,0.009,15.27,0.024,0.786,16,40
2021-12-01,TapForge CN,Idle Bureaucracy,26.45,0.194,15.19,0.033,0.742,12,40
2021-12-01,TapForge CN,Petty Kingdoms,29.16,0.092,16.88,0.016,0.833,13,37
2021-12-01,WhaleCare PH,Summon Siege,26.0,0.215,26.38,0.015,0.871,13,52
2021-12-01,WhaleCare PH,Idle Bureaucracy,24.36,0.171,22.74,0.037,0.683,17,41
2021-12-01,WhaleCare PH,Petty Kingdoms,25.78,0.177,12.41,0.04,0.991,12,34
2021-12-01,SummonStorm BR,Summon Siege,26.79,0.155,14.57,0.027,0.812,16,32
2021-12-01,SummonStorm BR,Idle Bureaucracy,17.42,0.151,22.63,0.039,0.841,12,50
2021-12-01,SummonStorm BR,Petty Kingdoms,25.1,0.092,19.55,0.034,0.794,15,41
2022-01-01,Tapstorm SG,Summon Siege,21.28,0.237,19.32,0.026,0.675,15,41
2022-01-01,Tapstorm SG,Idle Bureaucracy,26.54,0.174,23.9,0.033,0.799,13,30
2022-01-01,Tapstorm SG,Petty Kingdoms,19.7,0.115,14.61,0.022,0.595,21,46
2022-01-01,TapForge CN,Summon Siege,32.23,0.2,24.31,0.011,0.827,15,50
2022-01-01,TapForge CN,Idle Bureaucracy,21.95,0.154,18.47,0.032,0.945,17,37
2022-01-01,TapForge CN,Petty Kingdoms,31.74,0.084,16.55,0.029,0.78,17,32
2022-01-01,WhaleCare PH,Summon Siege,31.22,0.13,28.41,0.014,0.793,21,33
2022-01-01,WhaleCare PH,Idle Bureaucracy,31.07,0.119,15.7,0.043,0.864,16,49
2022-01-01,WhaleCare PH,Petty Kingdoms,24.01,0.133,21.44,0.046,0.933,16,35
2022-01-01,SummonStorm BR,Summon Siege,30.19,0.151,17.53,0.028,0.85,11,37
2022-01-01,SummonStorm BR,Idle Bureaucracy,31.53,0.184,22.81,0.028,0.89,24,41
2022-01-01,SummonStorm BR,Petty Kingdoms,27.32,0.182,13.08,0.028,0.806,11,37
2022-02-01,Tapstorm SG,Summon Siege,31.6,0.152,12.81,0.044,0.811,15,38
2022-02-01,Tapstorm SG,Idle Bureaucracy,33.35,0.137,20.78,0.029,0.818,17,42
2022-02-01,Tapstorm SG,Petty Kingdoms,32.34,0.144,9.6,0.012,0.691,16,50
2022-02-01,TapForge CN,Summon Siege,25.97,0.143,7.68,0.037,0.793,13,37
2022-02-01,TapForge CN,Idle Bureaucracy,26.75,0.076,13.93,0.018,0.838,15,36
2022-02-01,TapForge CN,Petty Kingdoms,22.54,0.189,17.27,0.023,0.68,12,32
2022-02-01,WhaleCare PH,Summon Siege,21.28,0.101,22.95,0.028,0.762,13,35
2022-02-01,WhaleCare PH,Idle Bureaucracy,28.35,0.17,8.3,0.039,0.811,10,43
2022-02-01,WhaleCare PH,Petty Kingdoms,28.18,0.224,16.37,0.027,0.782,13,51
2022-02-01,SummonStorm BR,Summon Siege,33.14,0.137,19.16,0.05,0.926,16,38
2022-02-01,SummonStorm BR,Idle Bureaucracy,22.77,0.151,16.43,0.031,0.955,12,31
2022-02-01,SummonStorm BR,Petty Kingdoms,36.95,0.099,16.37,0.026,0.94,8,39
2022-03-01,Tapstorm SG,Summon Siege,32.8,0.002,19.77,0.044,0.799,16,36
2022-03-01,Tapstorm SG,Idle Bureaucracy,23.11,0.06,18.81,0.024,0.647,8,41
2022-03-01,Tapstorm SG,Petty Kingdoms,39.9,0.218,20.71,0.049,0.71,17,44
2022-03-01,TapForge CN,Summon Siege,24.14,0.281,8.96,0.021,0.848,22,30
2022-03-01,TapForge CN,Idle Bureaucracy,29.45,0.098,21.36,0.029,0.92,21,46
2022-03-01,TapForge CN,Petty Kingdoms,28.19,0.126,14.9,0.035,0.59,17,42
2022-03-01,WhaleCare PH,Summon Siege,29.54,0.148,13.58,0.03,0.646,17,32
2022-03-01,WhaleCare PH,Idle Bureaucracy,35.09,0.086,18.2,0.018,0.762,10,35
2022-03-01,WhaleCare PH,Petty Kingdoms,34.36,0.098,19.09,0.052,0.724,15,41
2022-03-01,SummonStorm BR,Summon Siege,15.84,0.15,18.65,0.015,0.786,22,33
2022-03-01,SummonStorm BR,Idle Bureaucracy,26.54,0.111,18.3,0.039,0.756,23,40
2022-03-01,SummonStorm BR,Petty Kingdoms,19.49,0.095,20.41,0.045,0.685,8,42
2022-04-01,Tapstorm SG,Summon Siege,27.78,0.157,16.32,0.04,0.831,20,35
2022-04-01,Tapstorm SG,Idle Bureaucracy,23.04,0.074,22.12,0.023,0.843,13,37
2022-04-01,Tapstorm SG,Petty Kingdoms,38.86,0.089,13.42,0.022,0.833,13,47
2022-04-01,TapForge CN,Summon Siege,18.35,0.054,16.46,0.019,0.865,14,30
2022-04-01,TapForge CN,Idle Bureaucracy,25.68,0.164,20.04,0.039,0.767,16,34
2022-04-01,TapForge CN,Petty Kingdoms,31.64,0.203,13.51,0.038,0.631,8,33
2022-04-01,WhaleCare PH,Summon Siege,24.91,0.213,20.43,0.018,0.846,15,44
2022-04-01,WhaleCare PH,Idle Bureaucracy,27.57,0.123,13.37,0.032,0.86,20,36
2022-04-01,WhaleCare PH,Petty Kingdoms,38.32,0.176,14.73,0.033,0.759,19,40
2022-04-01,SummonStorm BR,Summon Siege,27.36,0.086,16.52,0.024,0.667,16,30
2022-04-01,SummonStorm BR,Idle Bureaucracy,23.98,0.078,22.8,0.036,0.771,11,39
2022-04-01,SummonStorm BR,Petty Kingdoms,26.63,0.086,13.35,0.038,0.748,22,44
2022-05-01,Tapstorm SG,Summon Siege,32.43,0.199,18.4,0.015,0.646,19,44
2022-05-01,Tapstorm SG,Idle Bureaucracy,30.68,0.148,8.84,0.018,0.957,13,40
2022-05-01,Tapstorm SG,Petty Kingdoms,29.63,0.23,19.1,0.03,0.597,12,37
2022-05-01,TapForge CN,Summon Siege,36.7,0.176,23.6,0.017,0.799,17,50
2022-05-01,TapForge CN,Idle Bureaucracy,22.96,0.077,18.51,0.033,0.712,12,41
2022-05-01,TapForge CN,Petty Kingdoms,29.02,0.122,21.19,0.021,0.791,17,23
2022-05-01,WhaleCare PH,Summon Siege,33.53,0.085,16.03,0.016,0.864,20,38
2022-05-01,WhaleCare PH,Idle Bureaucracy,30.05,0.161,20.93,0.045,0.671,17,30
2022-05-01,WhaleCare PH,Petty Kingdoms,18.62,0.161,15.72,0.027,0.697,7,42
2022-05-01,SummonStorm BR,Summon Siege,31.62,0.142,22.56,0.031,0.796,11,43
2022-05-01,SummonStorm BR,Idle Bureaucracy,19.36,0.095,19.91,0.041,0.692,10,42
2022-05-01,SummonStorm BR,Petty Kingdoms,31.57,0.065,26.19,0.025,0.801,18,38
2022-06-01,Tapstorm SG,Summon Siege,25.33,0.112,29.8,0.026,0.822,17,40
2022-06-01,Tapstorm SG,Idle Bureaucracy,36.75,0.141,13.84,0.02,0.76,15,48
2022-06-01,Tapstorm SG,Petty Kingdoms,31.38,0.168,11.82,0.013,0.73,20,37
2022-06-01,TapForge CN,Summon Siege,34.8,0.099,17.04,0.042,0.753,17,23
2022-06-01,TapForge CN,Idle Bureaucracy,32.39,0.151,17.89,0.028,0.857,14,45
2022-06-01,TapForge CN,Petty Kingdoms,23.16,0.115,16.45,0.046,0.84,13,44
2022-06-01,WhaleCare PH,Summon Siege,29.65,0.069,23.6,0.021,0.816,15,27
2022-06-01,WhaleCare PH,Idle Bureaucracy,28.88,0.211,17.22,0.027,0.89,8,31
2022-06-01,WhaleCare PH,Petty Kingdoms,21.68,0.069,9.17,0.025,0.803,12,53
2022-06-01,SummonStorm BR,Summon Siege,29.8,0.153,9.35,0.029,0.772,14,43
2022-06-01,SummonStorm BR,Idle Bureaucracy,30.73,0.141,19.73,0.035,0.762,18,37
2022-06-01,SummonStorm BR,Petty Kingdoms,16.33,0.223,23.14,0.04,0.758,12,44
2022-07-01,Tapstorm SG,Summon Siege,32.88,0.116,15.17,0.038,0.697,15,47
2022-07-01,Tapstorm SG,Idle Bureaucracy,28.93,0.119,25.91,0.034,0.691,13,52
2022-07-01,Tapstorm SG,Petty Kingdoms,30.3,0.224,18.01,0.032,0.75,10,37
2022-07-01,TapForge CN,Summon Siege,28.84,0.196,17.41,0.038,0.736,15,31
2022-07-01,TapForge CN,Idle Bureaucracy,30.94,0.169,6.79,0.014,0.837,9,39
2022-07-01,TapForge CN,Petty Kingdoms,35.02,0.183,27.58,0.031,0.772,19,38
2022-07-01,WhaleCare PH,Summon Siege,28.05,0.077,22.69,0.037,0.664,18,32
2022-07-01,WhaleCare PH,Idle Bureaucracy,28.33,0.169,20.4,0.047,0.805,17,40
2022-07-01,WhaleCare PH,Petty Kingdoms,21.8,0.159,18.37,0.027,0.631,17,29
2022-07-01,SummonStorm BR,Summon Siege,25.84,0.165,22.6,0.035,0.593,14,49
2022-07-01,SummonStorm BR,Idle Bureaucracy,36.71,0.113,16.21,0.039,0.582,10,41
2022-07-01,SummonStorm BR,Petty Kingdoms,28.66,0.237,21.61,0.031,0.803,16,44
2022-08-01,Tapstorm SG,Summon Siege,33.4,0.156,15.58,0.035,0.705,19,47
2022-08-01,Tapstorm SG,Idle Bureaucracy,24.7,0.034,23.24,0.03,0.79,14,37
2022-08-01,Tapstorm SG,Petty Kingdoms,24.06,0.123,11.2,0.048,0.774,15,38
2022-08-01,TapForge CN,Summon Siege,20.43,0.131,20.24,0.037,0.819,9,48
2022-08-01,TapForge CN,Idle Bureaucracy,39.46,0.21,16.81,0.029,0.716,12,40
2022-08-01,TapForge CN,Petty Kingdoms,22.1,0.11,15.96,0.017,0.667,13,36
2022-08-01,WhaleCare PH,Summon Siege,34.31,0.136,19.44,0.016,0.81,17,31
2022-08-01,WhaleCare PH,Idle Bureaucracy,26.42,0.211,19.72,0.022,0.765,19,29
2022-08-01,WhaleCare PH,Petty Kingdoms,24.62,0.192,23.11,0.022,0.928,12,53
2022-08-01,SummonStorm BR,Summon Siege,32.81,0.112,22.88,0.018,0.732,18,32
2022-08-01,SummonStorm BR,Idle Bureaucracy,22.53,0.111,15.34,0.033,1.007,10,49
2022-08-01,SummonStorm BR,Petty Kingdoms,35.71,0.113,23.33,0.026,0.744,8,32
2022-09-01,Tapstorm SG,Summon Siege,26.35,0.145,11.55,0.038,0.893,11,50
2022-09-01,Tapstorm SG,Idle Bureaucracy,23.81,0.216,18.76,0.014,0.902,16,42
2022-09-01,Tapstorm SG,Petty Kingdoms,31.59,0.176,13.69,0.027,1.078,15,51
2022-09-01,TapForge CN,Summon Siege,28.99,0.201,18.06,0.038,0.817,19,47
2022-09-01,TapForge CN,Idle Bureaucracy,26.54,0.171,21.98,0.043,0.728,10,41
2022-09-01,TapForge CN,Petty Kingdoms,28.92,0.087,21.3,0.039,0.836,15,42
2022-09-01,WhaleCare PH,Summon Siege,28.81,0.077,17.47,0.033,0.71,13,45
2022-09-01,WhaleCare PH,Idle Bureaucracy,18.06,0.145,16.26,0.044,0.696,13,38
2022-09-01,WhaleCare PH,Petty Kingdoms,32.0,0.207,28.42,0.039,0.841,17,36
2022-09-01,SummonStorm BR,Summon Siege,35.5,0.145,20.71,0.026,0.686,8,48
2022-09-01,SummonStorm BR,Idle Bureaucracy,23.57,0.125,14.83,0.02,0.907,13,28
2022-09-01,SummonStorm BR,Petty Kingdoms,34.43,0.132,17.16,0.027,0.827,15,49
2022-10-01,Tapstorm SG,Summon Siege,29.97,0.076,16.64,0.028,0.919,16,40
2022-10-01,Tapstorm SG,Idle Bureaucracy,37.4,0.133,18.51,0.032,0.695,13,43
2022-10-01,Tapstorm SG,Petty Kingdoms,23.96,0.27,18.38,0.039,0.846,17,47
2022-10-01,TapForge CN,Summon Siege,25.36,0.239,24.12,0.04,0.849,21,49
2022-10-01,TapForge CN,Idle Bureaucracy,29.99,0.141,17.47,0.049,0.801,20,48
2022-10-01,TapForge CN,Petty Kingdoms,22.59,0.193,18.55,0.028,0.75,15,40
2022-10-01,WhaleCare PH,Summon Siege,20.74,0.169,21.48,0.036,0.748,16,41
2022-10-01,WhaleCare PH,Idle Bureaucracy,25.65,0.216,20.87,0.038,0.73,20,35
2022-10-01,WhaleCare PH,Petty Kingdoms,26.63,0.167,15.19,0.019,0.794,15,55
2022-10-01,SummonStorm BR,Summon Siege,29.71,0.076,17.26,0.037,0.822,17,48
2022-10-01,SummonStorm BR,Idle Bureaucracy,24.09,0.091,10.16,0.048,0.812,11,48
2022-10-01,SummonStorm BR,Petty Kingdoms,20.45,0.12,24.62,0.038,0.854,19,44
2022-11-01,Tapstorm SG,Summon Siege,30.04,0.148,26.77,0.028,0.897,14,52
2022-11-01,Tapstorm SG,Idle Bureaucracy,21.78,0.137,21.6,0.018,0.864,21,53
2022-11-01,Tapstorm SG,Petty Kingdoms,34.71,0.215,11.78,0.022,0.905,13,39
2022-11-01,TapForge CN,Summon Siege,31.13,0.151,15.07,0.023,0.717,16,47
2022-11-01,TapForge CN,Idle Bureaucracy,26.98,0.212,16.71,0.032,0.673,9,33
2022-11-01,TapForge CN,Petty Kingdoms,23.82,0.16,17.79,0.023,0.695,12,38
2022-11-01,WhaleCare PH,Summon Siege,24.5,0.146,14.48,0.052,0.842,26,37
2022-11-01,WhaleCare PH,Idle Bureaucracy,34.61,0.222,9.14,0.035,0.918,16,36
2022-11-01,WhaleCare PH,Petty Kingdoms,26.29,0.145,16.21,0.033,0.805,13,31
2022-11-01,SummonStorm BR,Summon Siege,22.4,0.106,21.31,0.019,0.691,12,39
2022-11-01,SummonStorm BR,Idle Bureaucracy,31.53,0.143,17.1,0.034,0.849,11,50
2022-11-01,SummonStorm BR,Petty Kingdoms,29.49,0.123,21.43,0.021,0.749,18,37
2022-12-01,Tapstorm SG,Summon Siege,20.59,0.1,15.15,0.037,0.73,10,36
2022-12-01,Tapstorm SG,Idle Bureaucracy,33.43,0.234,11.2,0.029,0.771,19,39
2022-12-01,Tapstorm SG,Petty Kingdoms,24.42,0.223,17.04,0.031,0.673,19,49
2022-12-01,TapForge CN,Summon Siege,19.15,0.177,18.04,0.024,0.844,19,45
2022-12-01,TapForge CN,Idle Bureaucracy,23.76,0.118,27.47,0.016,0.767,19,46
2022-12-01,TapForge CN,Petty Kingdoms,24.66,0.12,19.95,0.019,0.847,13,41
2022-12-01,WhaleCare PH,Summon Siege,27.5,0.166,15.23,0.033,0.725,15,40
2022-12-01,WhaleCare PH,Idle Bureaucracy,26.53,0.125,26.97,0.036,0.621,8,32
2022-12-01,WhaleCare PH,Petty Kingdoms,25.28,0.143,15.7,0.025,0.795,14,43
2022-12-01,SummonStorm BR,Summon Siege,29.84,0.155,17.24,0.06,0.799,15,41
2022-12-01,SummonStorm BR,Idle Bureaucracy,41.04,0.12,19.84,0.037,0.658,15,40
2022-12-01,SummonStorm BR,Petty Kingdoms,22.26,0.137,18.28,0.034,0.881,20,37
2023-01-01,Tapstorm SG,Summon Siege,22.96,0.171,15.74,0.024,0.792,21,41
2023-01-01,Tapstorm SG,Idle Bureaucracy,20.93,0.121,14.53,0.031,0.782,19,46
2023-01-01,Tapstorm SG,Petty Kingdoms,28.83,0.052,9.26,0.031,0.813,22,40
2023-01-01,TapForge CN,Summon Siege,33.38,0.174,16.68,0.032,0.856,18,38
2023-01-01,TapForge CN,Idle Bureaucracy,21.85,0.079,21.67,0.019,0.859,18,48
2023-01-01,TapForge CN,Petty Kingdoms,30.3,0.117,17.95,0.03,0.734,15,40
2023-01-01,WhaleCare PH,Summon Siege,32.44,0.162,13.01,0.012,0.823,14,42
2023-01-01,WhaleCare PH,Idle Bureaucracy,32.48,0.079,15.15,0.052,0.714,13,47
2023-01-01,WhaleCare PH,Petty Kingdoms,25.33,0.076,18.47,0.024,0.944,10,44
2023-01-01,SummonStorm BR,Summon Siege,25.89,0.145,22.35,0.02,0.931,8,36
2023-01-01,SummonStorm BR,Idle Bureaucracy,28.13,0.074,17.44,0.045,0.932,13,31
2023-01-01,SummonStorm BR,Petty Kingdoms,27.66,0.188,20.63,0.043,0.639,16,30
2023-02-01,Tapstorm SG,Summon Siege,22.89,0.199,20.13,0.036,0.688,20,39
2023-02-01,Tapstorm SG,Idle Bureaucracy,21.04,0.101,15.61,0.045,0.71,16,43
2023-02-01,Tapstorm SG,Petty Kingdoms,29.92,0.16,20.53,0.033,0.971,17,43
2023-02-01,TapForge CN,Summon Siege,32.46,0.15,19.8,0.033,0.805,12,40
2023-02-01,TapForge CN,Idle Bureaucracy,38.59,0.203,22.8,0.041,0.835,14,43
2023-02-01,TapForge CN,Petty Kingdoms,30.16,0.175,14.9,0.04,0.827,12,41
2023-02-01,WhaleCare PH,Summon Siege,39.16,0.089,15.06,0.02,0.722,13,56
2023-02-01,WhaleCare PH,Idle Bureaucracy,25.88,0.068,11.17,0.027,0.801,14,49
2023-02-01,WhaleCare PH,Petty Kingdoms,22.25,0.069,15.41,0.041,0.759,25,32
2023-02-01,SummonStorm BR,Summon Siege,29.54,0.071,11.55,0.023,0.851,20,40
2023-02-01,SummonStorm BR,Idle Bureaucracy,33.81,0.172,25.47,0.023,0.756,14,30
2023-02-01,SummonStorm BR,Petty Kingdoms,28.78,0.109,23.45,0.018,0.773,14,53
2023-03-01,Tapstorm SG,Summon Siege,22.77,0.141,18.94,0.026,0.878,8,41
2023-03-01,Tapstorm SG,Idle Bureaucracy,29.03,0.117,25.78,0.038,0.77,11,35
2023-03-01,Tapstorm SG,Petty Kingdoms,27.14,0.128,17.48,0.03,0.797,20,42
2023-03-01,TapForge CN,Summon Siege,31.51,0.103,17.37,0.025,0.781,8,31
2023-03-01,TapForge CN,Idle Bureaucracy,33.49,0.166,14.74,0.021,0.818,14,37
2023-03-01,TapForge CN,Petty Kingdoms,19.2,0.068,7.08,0.049,0.792,16,38
2023-03-01,WhaleCare PH,Summon Siege,24.65,0.201,19.56,0.025,0.719,11,37
2023-03-01,WhaleCare PH,Idle Bureaucracy,34.77,0.099,15.6,0.025,0.69,19,33
2023-03-01,WhaleCare PH,Petty Kingdoms,25.07,0.11,15.69,0.047,0.879,13,42
2023-03-01,SummonStorm BR,Summon Siege,25.7,0.155,19.65,0.026,0.88,23,40
2023-03-01,SummonStorm BR,Idle Bureaucracy,20.7,0.203,22.77,0.053,0.812,16,40
2023-03-01,SummonStorm BR,Petty Kingdoms,23.42,0.217,18.67,0.017,0.868,10,32
2023-04-01,Tapstorm SG,Summon Siege,34.61,0.15,10.76,0.037,0.949,17,39
2023-04-01,Tapstorm SG,Idle Bureaucracy,31.17,0.22,18.57,0.034,0.726,14,25
2023-04-01,Tapstorm SG,Petty Kingdoms,27.4,0.115,22.6,0.035,0.732,16,36
2023-04-01,TapForge CN,Summon Siege,30.04,0.169,11.66,0.042,0.801,21,38
2023-04-01,TapForge CN,Idle Bureaucracy,33.61,0.081,9.83,0.024,0.859,17,42
2023-04-01,TapForge CN,Petty Kingdoms,27.17,0.191,22.63,0.028,0.788,13,31
2023-04-01,WhaleCare PH,Summon Siege,23.93,0.136,14.82,0.011,0.715,23,47
2023-04-01,WhaleCare PH,Idle Bureaucracy,24.79,0.098,13.23,0.041,0.758,14,43
2023-04-01,WhaleCare PH,Petty Kingdoms,29.36,0.085,15.5,0.03,0.717,10,41
2023-04-01,SummonStorm BR,Summon Siege,23.32,0.18,14.23,0.015,0.771,10,31
2023-04-01,SummonStorm BR,Idle Bureaucracy,21.3,0.203,11.83,0.037,0.809,9,49
2023-04-01,SummonStorm BR,Petty Kingdoms,29.97,0.127,13.42,0.039,0.78,18,33
2023-05-01,Tapstorm SG,Summon Siege,24.94,0.209,20.3,0.036,0.897,17,38
2023-05-01,Tapstorm SG,Idle Bureaucracy,24.14,0.143,24.92,0.028,0.822,10,37
2023-05-01,Tapstorm SG,Petty Kingdoms,13.46,0.08,24.3,0.035,0.924,9,35
2023-05-01,TapForge CN,Summon Siege,25.53,0.201,21.65,0.033,0.614,19,41
2023-05-01,TapForge CN,Idle Bureaucracy,29.48,0.035,17.46,0.023,0.821,16,39
2023-05-01,TapForge CN,Petty Kingdoms,23.6,0.113,19.56,0.013,0.716,14,49
2023-05-01,WhaleCare PH,Summon Siege,24.92,0.092,13.68,0.024,0.615,15,35
2023-05-01,WhaleCare PH,Idle Bureaucracy,21.96,0.159,11.39,0.028,0.837,17,38
2023-05-01,WhaleCare PH,Petty Kingdoms,25.07,0.146,15.58,0.018,0.724,11,48
2023-05-01,SummonStorm BR,Summon Siege,28.61,0.092,22.37,0.021,0.953,17,49
2023-05-01,SummonStorm BR,Idle Bureaucracy,27.2,0.145,12.48,0.029,0.83,19,34
2023-05-01,SummonStorm BR,Petty Kingdoms,29.05,0.115,19.44,0.034,0.656,15,49
2023-06-01,Tapstorm SG,Summon Siege,31.86,0.038,16.29,0.017,0.751,11,40
2023-06-01,Tapstorm SG,Idle Bureaucracy,26.76,0.159,13.12,0.019,0.856,15,40
2023-06-01,Tapstorm SG,Petty Kingdoms,37.64,0.186,17.16,0.019,0.94,14,34
2023-06-01,TapForge CN,Summon Siege,32.68,0.133,26.72,0.015,0.762,15,33
2023-06-01,TapForge CN,Idle Bureaucracy,20.76,0.182,23.19,0.035,0.592,17,33
2023-06-01,TapForge CN,Petty Kingdoms,22.09,0.182,23.17,0.029,0.878,10,37
2023-06-01,WhaleCare PH,Summon Siege,35.63,0.091,20.05,0.027,0.777,16,34
2023-06-01,WhaleCare PH,Idle Bureaucracy,29.53,0.091,23.01,0.032,0.793,19,49
2023-06-01,WhaleCare PH,Petty Kingdoms,23.23,0.12,17.75,0.051,0.743,12,50
2023-06-01,SummonStorm BR,Summon Siege,23.5,0.105,20.27,0.032,0.897,16,41
2023-06-01,SummonStorm BR,Idle Bureaucracy,29.35,0.108,23.92,0.039,0.867,14,52
2023-06-01,SummonStorm BR,Petty Kingdoms,29.64,0.119,27.24,0.022,0.652,10,40
2023-07-01,Tapstorm SG,Summon Siege,23.91,0.115,19.93,0.042,0.801,15,50
2023-07-01,Tapstorm SG,Idle Bureaucracy,29.14,0.19,24.17,0.029,0.845,20,51
2023-07-01,Tapstorm SG,Petty Kingdoms,33.34,0.166,15.57,0.013,0.771,18,50
2023-07-01,TapForge CN,Summon Siege,25.94,0.11,14.66,0.017,0.853,16,36
2023-07-01,TapForge CN,Idle Bureaucracy,29.53,0.235,18.16,0.009,0.803,12,46
2023-07-01,TapForge CN,Petty Kingdoms,29.33,0.111,22.11,0.029,0.82,19,35
2023-07-01,WhaleCare PH,Summon Siege,30.83,0.084,14.82,0.034,0.67,12,44
2023-07-01,WhaleCare PH,Idle Bureaucracy,32.39,0.116,10.96,0.022,0.645,14,48
2023-07-01,WhaleCare PH,Petty Kingdoms,21.21,0.089,20.46,0.015,0.805,13,33
2023-07-01,SummonStorm BR,Summon Siege,32.14,0.151,16.18,0.018,0.804,10,45
2023-07-01,SummonStorm BR,Idle Bureaucracy,30.47,0.188,24.36,0.023,0.638,11,57
2023-07-01,SummonStorm BR,Petty Kingdoms,32.94,0.088,14.14,0.031,0.797,13,40
2023-08-01,Tapstorm SG,Summon Siege,31.37,0.284,17.5,0.019,0.748,17,47
2023-08-01,Tapstorm SG,Idle Bureaucracy,29.54,0.137,18.52,0.029,0.9,13,38
2023-08-01,Tapstorm SG,Petty Kingdoms,32.58,0.151,17.78,0.036,0.779,8,41
2023-08-01,TapForge CN,Summon Siege,28.09,0.064,19.4,0.035,0.709,13,58
2023-08-01,TapForge CN,Idle Bureaucracy,22.22,0.148,18.12,0.034,0.684,9,35
2023-08-01,TapForge CN,Petty Kingdoms,28.37,0.165,21.58,0.045,0.754,16,42
2023-08-01,WhaleCare PH,Summon Siege,26.59,0.098,21.24,0.024,0.936,17,32
2023-08-01,WhaleCare PH,Idle Bureaucracy,25.23,0.168,23.07,0.024,0.633,11,41
2023-08-01,WhaleCare PH,Petty Kingdoms,26.71,0.215,15.59,0.027,0.861,17,34
2023-08-01,SummonStorm BR,Summon Siege,31.96,0.105,17.74,0.041,0.689,13,44
2023-08-01,SummonStorm BR,Idle Bureaucracy,27.63,0.142,28.58,0.04,0.878,14,38
2023-08-01,SummonStorm BR,Petty Kingdoms,25.71,0.138,21.3,0.027,0.864,11,49
2023-09-01,Tapstorm SG,Summon Siege,20.67,0.068,23.88,0.028,0.966,19,28
2023-09-01,Tapstorm SG,Idle Bureaucracy,26.71,0.151,20.19,0.032,0.832,12,41
2023-09-01,Tapstorm SG,Petty Kingdoms,20.41,0.211,17.96,0.041,0.747,10,37
2023-09-01,TapForge CN,Summon Siege,24.43,-0.002,17.27,0.02,0.81,13,37
2023-09-01,TapForge CN,Idle Bureaucracy,26.8,0.105,21.68,0.032,0.594,15,41
2023-09-01,TapForge CN,Petty Kingdoms,23.8,0.133,15.72,0.031,0.924,16,27
2023-09-01,WhaleCare PH,Summon Siege,32.46,0.199,15.26,0.021,0.814,17,33
2023-09-01,WhaleCare PH,Idle Bureaucracy,25.46,0.171,12.64,0.045,0.726,15,33
2023-09-01,WhaleCare PH,Petty Kingdoms,32.8,0.124,18.69,0.024,0.901,14,36
2023-09-01,SummonStorm BR,Summon Siege,25.65,0.165,18.77,0.038,0.929,16,34
2023-09-01,SummonStorm BR,Idle Bureaucracy,29.49,0.137,11.34,0.035,0.725,12,38
2023-09-01,SummonStorm BR,Petty Kingdoms,31.82,0.159,18.8,0.026,0.83,20,38
2023-10-01,Tapstorm SG,Summon Siege,25.87,0.159,20.34,0.032,0.856,17,40
2023-10-01,Tapstorm SG,Idle Bureaucracy,36.3,0.162,17.29,0.036,0.757,15,44
2023-10-01,Tapstorm SG,Petty Kingdoms,27.79,0.158,24.95,0.051,0.83,16,49
2023-10-01,TapForge CN,Summon Siege,27.65,0.022,16.97,0.015,0.741,11,37
2023-10-01,TapForge CN,Idle Bureaucracy,25.27,0.121,16.81,0.033,0.851,12,42
2023-10-01,TapForge CN,Petty Kingdoms,24.12,0.077,16.01,0.027,0.848,17,47
2023-10-01,WhaleCare PH,Summon Siege,16.49,0.05,16.3,0.009,0.778,12,33
2023-10-01,WhaleCare PH,Idle Bureaucracy,33.05,0.175,22.12,0.015,0.68,18,36
2023-10-01,WhaleCare PH,Petty Kingdoms,34.01,0.171,12.6,0.032,1.034,12,32
2023-10-01,SummonStorm BR,Summon Siege,27.47,0.194,20.23,0.025,0.864,14,52
2023-10-01,SummonStorm BR,Idle Bureaucracy,19.66,0.141,16.82,0.038,0.807,17,45
2023-10-01,SummonStorm BR,Petty Kingdoms,32.8,0.21,15.89,0.026,0.868,11,42
2023-11-01,Tapstorm SG,Summon Siege,32.21,0.096,19.68,0.013,0.697,9,37
2023-11-01,Tapstorm SG,Idle Bureaucracy,38.61,0.075,18.94,0.02,0.674,19,38
2023-11-01,Tapstorm SG,Petty Kingdoms,23.62,0.127,20.37,0.031,0.716,18,44
2023-11-01,TapForge CN,Summon Siege,27.3,0.086,10.0,0.009,0.76,16,45
2023-11-01,TapForge CN,Idle Bureaucracy,30.53,0.08,13.59,0.036,0.657,12,52
2023-11-01,TapForge CN,Petty Kingdoms,31.07,0.111,17.33,0.037,0.727,11,33
2023-11-01,WhaleCare PH,Summon Siege,23.44,0.132,14.8,0.021,0.845,10,47
2023-11-01,WhaleCare PH,Idle Bureaucracy,27.72,0.201,17.71,0.03,0.933,19,32
2023-11-01,WhaleCare PH,Petty Kingdoms,33.35,0.205,15.16,0.025,0.742,14,36
2023-11-01,SummonStorm BR,Summon Siege,30.64,0.137,15.33,0.036,0.916,18,39
2023-11-01,SummonStorm BR,Idle Bureaucracy,19.88,0.204,20.49,0.035,0.855,13,35
2023-11-01,SummonStorm BR,Petty Kingdoms,25.61,0.144,18.11,0.039,0.736,17,39
2023-12-01,Tapstorm SG,Summon Siege,26.01,0.116,16.6,0.009,0.768,10,39
2023-12-01,Tapstorm SG,Idle Bureaucracy,22.17,0.098,17.2,0.04,0.821,9,41
2023-12-01,Tapstorm SG,Petty Kingdoms,31.07,0.088,15.75,0.021,0.766,21,32
2023-12-01,TapForge CN,Summon Siege,32.62,0.19,18.72,0.02,0.792,13,42
2023-12-01,TapForge CN,Idle Bureaucracy,24.94,0.123,27.57,0.021,0.852,9,32
2023-12-01,TapForge CN,Petty Kingdoms,21.29,0.076,16.22,0.032,0.711,13,32
2023-12-01,WhaleCare PH,Summon Siege,20.82,0.201,15.9,0.012,0.776,18,31
2023-12-01,WhaleCare PH,Idle Bureaucracy,22.99,0.085,15.66,0.044,0.766,14,47
2023-12-01,WhaleCare PH,Petty Kingdoms,32.74,0.093,20.63,0.027,0.869,13,44
2023-12-01,SummonStorm BR,Summon Siege,33.17,0.06,10.58,0.026,0.739,17,42
2023-12-01,SummonStorm BR,Idle Bureaucracy,32.21,0.117,19.43,0.026,0.559,19,45
2023-12-01,SummonStorm BR,Petty Kingdoms,24.93,0.073,15.55,0.028,0.648,14,44
2024-01-01,Tapstorm SG,Summon Siege,34.75,0.065,21.3,0.032,0.655,12,34
2024-01-01,Tapstorm SG,Idle Bureaucracy,31.16,0.142,19.8,0.021,0.756,18,41
2024-01-01,Tapstorm SG,Petty Kingdoms,28.55,0.176,18.99,0.035,0.8,15,42
2024-01-01,TapForge CN,Summon Siege,31.27,0.126,15.06,0.025,0.819,12,36
2024-01-01,TapForge CN,Idle Bureaucracy,36.92,0.073,16.17,0.025,1.058,12,38
2024-01-01,TapForge CN,Petty Kingdoms,35.07,0.073,24.44,0.032,0.755,20,42
2024-01-01,WhaleCare PH,Summon Siege,22.28,0.185,16.91,0.037,0.928,11,47
2024-01-01,WhaleCare PH,Idle Bureaucracy,36.38,0.169,22.41,0.036,0.645,17,37
2024-01-01,WhaleCare PH,Petty Kingdoms,32.15,0.176,24.05,0.029,0.769,8,36
2024-01-01,SummonStorm BR,Summon Siege,32.94,0.116,20.8,0.017,0.952,16,27
2024-01-01,SummonStorm BR,Idle Bureaucracy,17.4,0.076,16.26,0.033,0.829,12,57
2024-01-01,SummonStorm BR,Petty Kingdoms,28.69,0.157,19.39,0.03,0.657,13,37
2024-02-01,Tapstorm SG,Summon Siege,23.39,0.079,20.54,0.017,0.888,14,49
2024-02-01,Tapstorm SG,Idle Bureaucracy,26.87,0.105,23.68,0.032,0.763,13,36
2024-02-01,Tapstorm SG,Petty Kingdoms,18.91,0.146,14.64,0.028,0.958,20,37
2024-02-01,TapForge CN,Summon Siege,24.05,0.085,10.93,0.032,0.819,15,49
2024-02-01,TapForge CN,Idle Bureaucracy,23.27,0.197,15.33,0.029,0.68,15,37
2024-02-01,TapForge CN,Petty Kingdoms,33.1,0.177,23.12,0.017,0.787,17,49
2024-02-01,WhaleCare PH,Summon Siege,33.49,0.162,22.74,0.023,0.814,13,45
2024-02-01,WhaleCare PH,Idle Bureaucracy,34.91,0.133,18.38,0.034,0.731,15,37
2024-02-01,WhaleCare PH,Petty Kingdoms,38.97,0.098,12.59,0.037,0.611,12,36
2024-02-01,SummonStorm BR,Summon Siege,30.12,0.187,20.29,0.018,0.893,15,40
2024-02-01,SummonStorm BR,Idle Bureaucracy,30.73,0.115,20.18,0.026,0.881,18,44
2024-02-01,SummonStorm BR,Petty Kingdoms,38.35,0.19,22.09,0.041,0.851,11,42
2024-03-01,Tapstorm SG,Summon Siege,30.32,0.162,20.44,0.03,0.732,13,34
2024-03-01,Tapstorm SG,Idle Bureaucracy,33.83,0.134,15.43,0.029,0.67,14,27
2024-03-01,Tapstorm SG,Petty Kingdoms,38.07,0.093,18.84,0.041,0.692,11,36
2024-03-01,TapForge CN,Summon Siege,31.77,0.176,15.35,0.027,0.788,17,40
2024-03-01,TapForge CN,Idle Bureaucracy,25.82,0.208,14.78,0.03,0.87,15,51
2024-03-01,TapForge CN,Petty Kingdoms,20.14,0.188,14.83,0.048,0.685,14,59
2024-03-01,WhaleCare PH,Summon Siege,30.25,0.14,18.1,0.047,0.923,15,37
2024-03-01,WhaleCare PH,Idle Bureaucracy,24.67,0.224,11.25,0.036,0.826,9,27
2024-03-01,WhaleCare PH,Petty Kingdoms,24.28,0.148,15.56,0.023,0.726,13,41
2024-03-01,SummonStorm BR,Summon Siege,20.18,0.111,11.51,0.036,0.908,16,42
2024-03-01,SummonStorm BR,Idle Bureaucracy,29.15,0.141,21.09,0.028,0.926,17,49
2024-03-01,SummonStorm BR,Petty Kingdoms,24.47,0.061,19.43,0.012,0.995,11,54
2024-04-01,Tapstorm SG,Summon Siege,26.23,0.098,7.78,0.019,0.731,19,36
2024-04-01,Tapstorm SG,Idle Bureaucracy,23.54,0.118,24.1,0.057,0.645,24,43
2024-04-01,Tapstorm SG,Petty Kingdoms,33.46,0.029,12.74,0.027,0.721,7,36
2024-04-01,TapForge CN,Summon Siege,26.88,0.147,21.58,0.022,0.915,14,41
2024-04-01,TapForge CN,Idle Bureaucracy,28.25,0.268,12.54,0.037,0.798,11,40
2024-04-01,TapForge CN,Petty Kingdoms,26.79,0.122,17.82,0.041,0.826,11,33
2024-04-01,WhaleCare PH,Summon Siege,22.78,0.18,15.72,0.039,0.672,15,46
2024-04-01,WhaleCare PH,Idle Bureaucracy,25.73,0.112,22.78,0.032,0.643,14,43
2024-04-01,WhaleCare PH,Petty Kingdoms,28.39,0.154,23.35,0.025,0.95,11,32
2024-04-01,SummonStorm BR,Summon Siege,30.59,0.203,18.06,0.033,0.642,16,34
2024-04-01,SummonStorm BR,Idle Bureaucracy,28.48,0.085,16.25,0.064,0.822,16,43
2024-04-01,SummonStorm BR,Petty Kingdoms,28.94,0.227,25.85,0.022,1.124,14,38
2024-05-01,Tapstorm SG,Summon Siege,28.85,0.133,15.79,0.035,0.798,18,38
2024-05-01,Tapstorm SG,Idle Bureaucracy,23.77,0.094,25.73,0.017,0.698,12,33
2024-05-01,Tapstorm SG,Petty Kingdoms,38.97,0.094,15.53,0.04,0.847,14,38
2024-05-01,TapForge CN,Summon Siege,29.51,0.178,14.33,0.037,0.782,19,40
2024-05-01,TapForge CN,Idle Bureaucracy,37.05,0.181,15.9,0.041,0.872,8,40
2024-05-01,TapForge CN,Petty Kingdoms,33.5,0.126,19.81,0.025,0.637,14,31
2024-05-01,WhaleCare PH,Summon Siege,31.74,0.219,25.89,0.022,0.703,19,47
2024-05-01,WhaleCare PH,Idle Bureaucracy,34.58,0.095,20.01,0.031,0.823,8,43
2024-05-01,WhaleCare PH,Petty Kingdoms,33.75,0.138,12.53,0.044,0.609,14,44
2024-05-01,SummonStorm BR,Summon Siege,18.37,0.156,23.11,0.02,0.742,17,36
2024-05-01,SummonStorm BR,Idle Bureaucracy,23.99,0.156,13.7,0.018,0.765,8,29
2024-05-01,SummonStorm BR,Petty Kingdoms,29.69,0.148,16.24,0.037,0.803,15,32
2024-06-01,Tapstorm SG,Summon Siege,22.15,0.221,24.46,0.043,0.803,15,36
2024-06-01,Tapstorm SG,Idle Bureaucracy,32.5,0.242,24.16,0.032,0.854,16,34
2024-06-01,Tapstorm SG,Petty Kingdoms,22.47,0.138,20.47,0.039,0.843,10,32
2024-06-01,TapForge CN,Summon Siege,28.59,0.18,21.62,0.046,0.784,15,33
2024-06-01,TapForge CN,Idle Bureaucracy,22.45,0.076,20.49,0.044,0.818,14,46
2024-06-01,TapForge CN,Petty Kingdoms,26.24,0.2,18.68,0.042,0.843,16,30
2024-06-01,WhaleCare PH,Summon Siege,23.5,0.168,13.93,0.038,0.919,13,44
2024-06-01,WhaleCare PH,Idle Bureaucracy,24.33,0.179,19.33,0.029,0.838,16,38
2024-06-01,WhaleCare PH,Petty Kingdoms,25.49,0.081,15.31,0.035,0.628,17,53
2024-06-01,SummonStorm BR,Summon Siege,27.69,0.189,18.17,0.028,0.795,13,40
2024-06-01,SummonStorm BR,Idle Bureaucracy,34.63,0.162,15.51,0.027,0.906,18,36
2024-06-01,SummonStorm BR,Petty Kingdoms,25.14,0.113,20.08,0.036,0.517,14,42
2024-07-01,Tapstorm SG,Summon Siege,24.34,0.149,26.52,0.034,0.844,14,43
2024-07-01,Tapstorm SG,Idle Bureaucracy,28.26,0.123,21.83,0.027,0.913,19,56
2024-07-01,Tapstorm SG,Petty Kingdoms,34.6,0.146,16.42,0.034,0.621,18,48
2024-07-01,TapForge CN,Summon Siege,26.01,0.146,17.52,0.015,0.819,15,46
2024-07-01,TapForge CN,Idle Bureaucracy,29.59,0.276,10.72,0.046,0.896,17,36
2024-07-01,TapForge CN,Petty Kingdoms,19.1,0.145,18.17,0.052,0.685,16,43
2024-07-01,WhaleCare PH,Summon Siege,23.57,0.062,19.73,0.031,0.71,11,39
2024-07-01,WhaleCare PH,Idle Bureaucracy,23.41,0.153,16.86,0.046,0.748,14,44
2024-07-01,WhaleCare PH,Petty Kingdoms,29.38,0.102,15.4,0.033,0.709,16,45
2024-07-01,SummonStorm BR,Summon Siege,23.78,0.122,20.76,0.031,0.797,15,40
2024-07-01,SummonStorm BR,Idle Bureaucracy,33.49,0.09,21.14,0.028,0.669,15,45
2024-07-01,SummonStorm BR,Petty Kingdoms,34.29,0.046,22.43,0.032,0.877,13,41
2024-08-01,Tapstorm SG,Summon Siege,27.66,0.178,13.96,0.034,0.833,16,34
2024-08-01,Tapstorm SG,Idle Bureaucracy,31.81,0.113,15.92,0.021,0.793,18,44
2024-08-01,Tapstorm SG,Petty Kingdoms,29.1,0.147,15.07,0.02,0.768,13,44
2024-08-01,TapForge CN,Summon Siege,23.97,0.085,21.79,0.033,0.813,16,52
2024-08-01,TapForge CN,Idle Bureaucracy,31.49,0.092,18.32,0.025,0.884,21,26
2024-08-01,TapForge CN,Petty Kingdoms,23.05,0.184,21.92,0.049,0.748,8,33
2024-08-01,WhaleCare PH,Summon Siege,22.94,0.109,19.9,0.041,0.821,21,46
2024-08-01,WhaleCare PH,Idle Bureaucracy,43.0,0.109,22.84,0.042,0.833,20,52
2024-08-01,WhaleCare PH,Petty Kingdoms,34.43,0.172,19.69,0.02,0.831,8,46
2024-08-01,SummonStorm BR,Summon Siege,32.85,0.093,16.92,0.019,0.74,14,42
2024-08-01,SummonStorm BR,Idle Bureaucracy,39.96,0.133,15.23,0.037,0.748,19,40
2024-08-01,SummonStorm BR,Petty Kingdoms,36.45,0.184,21.48,0.028,0.734,17,38
2024-09-01,Tapstorm SG,Summon Siege,26.7,0.133,20.15,0.028,0.73,20,44
2024-09-01,Tapstorm SG,Idle Bureaucracy,28.5,0.224,12.8,0.037,0.835,12,47
2024-09-01,Tapstorm SG,Petty Kingdoms,32.24,0.09,22.13,0.005,0.664,16,28
2024-09-01,TapForge CN,Summon Siege,28.48,0.153,13.04,0.031,0.919,16,44
2024-09-01,TapForge CN,Idle Bureaucracy,35.82,0.084,14.35,0.036,0.713,17,32
2024-09-01,TapForge CN,Petty Kingdoms,21.99,0.118,16.63,0.021,0.658,15,38
2024-09-01,WhaleCare PH,Summon Siege,36.74,0.117,8.99,0.025,0.578,23,43
2024-09-01,WhaleCare PH,Idle Bureaucracy,26.97,0.227,19.19,0.05,0.604,18,29
2024-09-01,WhaleCare PH,Petty Kingdoms,22.59,0.17,21.62,0.022,0.711,27,42
2024-09-01,SummonStorm BR,Summon Siege,35.58,0.187,14.59,0.03,0.674,8,36
2024-09-01,SummonStorm BR,Idle Bureaucracy,32.88,0.146,22.5,0.016,0.767,19,41
2024-09-01,SummonStorm BR,Petty Kingdoms,24.47,0.132,21.43,0.045,0.785,6,26
2024-10-01,Tapstorm SG,Summon Siege,24.38,0.113,22.66,0.021,0.813,22,33
2024-10-01,Tapstorm SG,Idle Bureaucracy,21.1,0.165,18.84,0.015,0.739,14,50
2024-10-01,Tapstorm SG,Petty Kingdoms,26.62,0.14,20.37,0.016,0.674,14,45
2024-10-01,TapForge CN,Summon Siege,23.85,0.182,14.67,0.03,0.765,17,47
2024-10-01,TapForge CN,Idle Bureaucracy,23.38,0.174,15.56,0.03,0.792,14,40
2024-10-01,TapForge CN,Petty Kingdoms,25.9,0.066,22.95,0.028,0.889,17,32
2024-10-01,WhaleCare PH,Summon Siege,31.41,0.218,21.34,0.023,0.884,14,37
2024-10-01,WhaleCare PH,Idle Bureaucracy,31.62,0.179,20.08,0.039,0.669,15,37
2024-10-01,WhaleCare PH,Petty Kingdoms,21.97,0.087,12.92,0.038,0.893,15,48
2024-10-01,SummonStorm BR,Summon Siege,27.57,0.147,17.73,0.033,0.643,25,39
2024-10-01,SummonStorm BR,Idle Bureaucracy,24.97,0.165,14.83,0.027,0.819,15,38
2024-10-01,SummonStorm BR,Petty Kingdoms,29.78,0.139,16.31,0.028,0.905,14,45
2024-11-01,Tapstorm SG,Summon Siege,29.45,0.102,21.45,0.04,0.794,12,35
2024-11-01,Tapstorm SG,Idle Bureaucracy,32.93,0.225,16.18,0.029,0.662,13,53
2024-11-01,Tapstorm SG,Petty Kingdoms,27.58,0.143,17.24,0.039,0.699,13,33
2024-11-01,TapForge CN,Summon Siege,27.76,0.145,13.21,0.011,0.607,15,27
2024-11-01,TapForge CN,Idle Bureaucracy,20.73,0.158,19.6,0.033,0.789,13,46
2024-11-01,TapForge CN,Petty Kingdoms,39.72,0.168,19.43,0.041,0.931,15,37
2024-11-01,WhaleCare PH,Summon Siege,23.39,0.072,14.01,0.058,0.884,16,45
2024-11-01,WhaleCare PH,Idle Bureaucracy,34.84,0.152,19.12,0.026,0.687,23,42
2024-11-01,WhaleCare PH,Petty Kingdoms,23.12,0.105,14.57,0.03,0.543,10,40
2024-11-01,SummonStorm BR,Summon Siege,28.71,0.237,18.72,0.032,0.784,12,30
2024-11-01,SummonStorm BR,Idle Bureaucracy,15.11,0.168,14.09,0.037,0.819,14,41
2024-11-01,SummonStorm BR,Petty Kingdoms,27.62,0.097,19.58,0.025,0.777,16,36
2024-12-01,Tapstorm SG,Summon Siege,31.89,0.147,26.49,0.017,0.799,16,35
2024-12-01,Tapstorm SG,Idle Bureaucracy,35.56,0.116,14.19,0.033,0.923,18,29
2024-12-01,Tapstorm SG,Petty Kingdoms,30.02,0.091,20.21,0.026,0.777,12,33
2024-12-01,TapForge CN,Summon Siege,25.95,0.15,23.56,0.038,0.747,14,40
2024-12-01,TapForge CN,Idle Bureaucracy,24.84,0.223,16.42,0.015,0.76,19,39
2024-12-01,TapForge CN,Petty Kingdoms,31.8,0.062,20.3,0.023,0.883,23,33
2024-12-01,WhaleCare PH,Summon Siege,27.76,0.114,11.49,0.021,0.566,15,33
2024-12-01,WhaleCare PH,Idle Bureaucracy,30.63,0.179,21.74,0.029,0.882,13,33
2024-12-01,WhaleCare PH,Petty Kingdoms,24.96,0.127,22.2,0.044,0.846,23,51
2024-12-01,SummonStorm BR,Summon Siege,28.23,0.115,19.05,0.028,0.925,15,43
2024-12-01,SummonStorm BR,Idle Bureaucracy,25.86,0.134,20.26,0.046,0.702,20,30
2024-12-01,SummonStorm BR,Petty Kingdoms,26.17,0.029,21.85,0.034,0.778,15,41
